full_name,e,q,i,om,w,ad,tp_cal,per_y,class,data_arc,condition_code,n_obs_used,two_body,A1,A2,A3,DT
"    1P/Halley",0.967142908462304,0.585978111516909,162.262690579161,58.42008097656843,111.3324851045177,35.08231047359043,19860205.8953171,75.3158906863411,HTC,57852,,7428,,2.696463929511566E-10,1.554613388970244E-10,,
"    2P/Encke",.8483360282890077,.3359571264858844,11.78199781557852,334.5678725687213,186.5446458683143,4.094325460680924,20131121.7773493,3.296934748586,ETc,3787,0,2584,,-2.050005447641087E-11,-1.85864577773765E-12,3.869899660518827E-9,
"    3D/Biela",0.751299,0.879073,13.2164,250.669,221.6588,6.190243166802708,18321126.6152000,6.64552531740703,JFc,,,26,,0.39E-8,-0.0254E-8,,
"    4P/Faye",.5696175496849397,1.651876343070432,9.070294510274881,199.143982411512,205.1258177176394,6.024441972702809,20140529.8687186,7.51956420594534,JFc,6226,0,4460,,3.827616356938363E-9,6.623304467699322E-10,-1.612481419404149E-9,-112.8808026867707
"    5D/Brorsen",0.809796,0.589847,29.3821,102.9676,14.9468,5.612409524573614,18790331.0341000,5.46119640576126,JFc,,,127,,1.27E-8,0.1343E-8,,
"    6P/d'Arrest",.6114219228700193,1.361454546530219,19.48168162749337,138.9337127711251,178.1152293178701,5.645912192148699,20150302.4186997,6.55836343821244,JFc,10516,1,2194,,3.394187790901383E-9,-8.903327666485144E-11,-6.286843222727497E-10,108.8992717554588
"    7P/Pons-Winnecke",.6343521595756417,1.256233641247848,22.29644218108785,93.42659185011168,172.2578798147044,5.61504250133736,20020515.8347544,6.36823838580226,JFc,36094,0,677,,6.612071145867012E-11,-1.87400228377736E-12,-1.311189054669113E-10,109.581038002386
"    8P/Tuttle",.8197966224140293,1.027113355209147,54.98317381441031,270.3416211910725,207.509542802402,10.37237725332993,20080127.0258039,13.6079083761106,JFC,19529,0,1586,,6.083735556013546E-10,1.393061730131474E-10,-5.188475837641523E-10,
"    9P/Tempel 1",.5096252610534868,1.542549544745144,10.47386414673321,68.74959803160912,179.203580873436,4.748759620400882,20160802.5781699,5.57923623009731,JFc,1555,3,1488,,-2.418524364896777E-9,-3.748815503298663E-10,-4.018541720350795E-10,
"   10P/Tempel 2",.5362731523679858,1.421805958451013,12.02422299818989,117.8023017705041,195.6077883346506,4.710277899584625,20100704.7881782,5.36877664738254,JFc,6308,0,3689,,1.946055875751387E-10,6.633670236343501E-12,8.562285112760032E-11,
"   11P/Tempel-Swift-LINEAR",.54491240285974,1.553578679370059,13.55352223000043,240.5247361135055,163.8995560777387,5.274024134385549,20080504.6575488,6.30762087538285,JFc,4919,0,97,,1.69604151036797E-9,-1.297849607809387E-10,,
"   12P/Pons-Brooks",.9542202409863804,.7780186522514184,74.7037493144222,255.9595132752626,199.0936340963835,33.21161646225214,19540523.1759312,70.0620696485467,HTC,75909,0,393,,2.962808270929297E-9,-2.711607195758214E-10,,
"   13P/Olbers",0.930297147462082,1.17845061442612,44.609885733805,86.10312835462277,64.64120651677283,32.63510425508353,19560619.1353310,69.5183499778236,HTC,51679,,91,,9.451067991051224E-9,6.487207540562958E-10,,
"   14P/Wolf",.3574819125650833,2.728580133624865,27.94266231240148,202.1079110296776,159.1911756283212,5.764815420476962,20090227.6140927,8.75155516165655,JFc,10040,0,359,,,,,
"   15P/Finlay",.7204670323736734,.9746503145016036,6.803655945058429,13.80063967391148,347.5656143942961,5.998769119906535,20141226.9345877,6.51076305456347,JFc,2841,0,1136,,7.829547989193548E-10,2.826333351821679E-10,1.81216348966542E-9,
"   16P/Brooks 2",.5632234095202744,1.466792470259358,4.261187225367249,159.2804324225749,219.7488417157946,5.249650224841738,20140607.7433622,6.15420812539407,JFc,30105,0,403,,3.668540211233309E-9,-1.49777963572744E-9,,
"   17P/Holmes",.4317913340624554,2.056631512288014,19.09176274726408,326.7648598665065,24.51604191625368,5.182369353334376,20140327.5125042,6.88622409465133,JFc,3478,0,1593,,2.485104967268744E-9,2.671949794945759E-9,8.081603486442451E-10,
"   18D/Perrine-Mrkos",0.642580982439164,1.27224808138711,17.7589827722319,240.8755466309168,166.0504171249452,5.84683634825191,19681101.5421334,6.71582582329104,JFc,2584,1,16,,,,,
"   19P/Borrelly",.6232892711821078,1.359799738782305,30.31307021679391,75.43597686258941,353.3506872274951,5.859531354066145,20010914.2536303,6.85817635449295,JFc,15925,0,2845,,1.895695530204052E-9,-7.833075347206687E-11,2.854308247393968E-10,-47.24576827269382
"   20D/Westphal",0.919831188993609,1.2540127619273,40.8900610587027,348.0064469311446,57.08095497141959,30.03029209890796,19131126.7902559,61.8661332756055,HTC,22321,0,201,,,,,
"   21P/Giacobini-Zinner",.7104663125616585,1.013501217647592,32.00310320419106,195.4052529144569,172.8087008849619,5.987419653526856,20180910.2654298,6.54931625541302,JFc,3196,0,1983,,3.107394081007322E-9,-1.848644841277313E-9,-1.815642064993985E-9,-32.77074470563737
"   22P/Kopff",.5441848835414173,1.576085499489762,4.723924257820427,120.8750686455848,162.7019154398944,5.33937404794704,20090524.9545883,6.42976020786827,JFc,4386,0,3454,,5.191488359727642E-10,-3.855734101056092E-10,-1.374537259741602E-9,-220.9653082012393
"   23P/Brorsen-Metcalf",0.9719522579248509597249,0.4787527107248574775866,19.333940469818628571374,311.5854622141069,129.6106836788667,33.65966095851974,19890911.9374331,70.5225834969236,HTC,51904,0,223,,2.24654685575494E-9,-5.326929396349485E-10,,
"   24P/Schaumasse",.7048377385790582,1.20616902407146,11.73397999992298,79.66577775476655,58.00232148852397,6.966752664933339,20171116.7608171,8.26093519448952,JFc,6464,3,832,,1.051463131828431E-9,-9.955924243239296E-10,,
"   25D/Neujmin 2",0.566818596285863,1.33816964707983,10.6387130963875,328.7169509657245,193.7040335562024,4.840164120742355,19270116.2241141,5.42963027852721,JFc,3994,1,55,,,,,
"   26P/Grigg-Skjellerup",.6330527671345312,1.116736323909562,22.35649066304651,211.710319637668,1.704070781269587,4.969895343477792,20080323.6790246,5.30919578072805,JFc,19278,0,635,,1.607514810981455E-10,-1.042381945690657E-11,,
"   27P/Crommelin",.9189810923126022,.748287467144728,28.96687278723059,250.6264098390235,196.0253968913816,17.723634421309,20110803.8910902,28.0692839516353,HTC,259,6,154,,-3.653645033749881E-8,-1.713114322066723E-9,2.081362723681325E-9,
"   28P/Neujmin 1",.7746937898619149,1.559012960544791,14.39350385234331,346.2984795875178,347.728486205045,12.28004597697236,20021228.2677952,18.2021650103434,JFc,19782,0,485,,,,,
"   29P/Schwassmann-Wachmann 1",.04479441386835804,5.724580120632891,9.386600757977568,312.6187415439654,49.72203652292504,6.261489064360247,20040721.7195964,14.6716304361977,JFc,8532,0,30028,,,,,
"   30P/Reinmuth 1",.5016105669476711,1.880973739593776,8.126270446090473,119.7278627210677,13.14619850371807,5.667235009833226,20100419.7656489,7.33211152543363,JFc,3219,0,1814,,6.253789742738166E-9,-7.729817830153179E-11,,
"   31P/Schwassmann-Wachmann 2",.1928610552519618,3.424317753786349,4.546617685676369,114.1885381465665,17.92986529995997,5.060758517326567,20100929.4588969,8.73870008524958,JFc,7121,0,1000,,1.829839428080619E-8,-5.33348501397671E-8,,
"   32P/Comas Sola",.5546485799036236,2.008565194966582,9.968516517217138,57.84360276824752,53.30658848884395,7.011570833933551,20141019.7008873,9.57817657976511,JFc,4341,0,3117,,-8.192712790761601E-9,7.535444540844812E-10,-1.059058070811059E-9,-187.2547654147808
"   33P/Daniel",.4623598055003007,2.166724187043418,22.3861446076708,66.54083550078751,18.905300691195,5.893403047527135,20080720.4109348,8.09051290592239,JFc,6347,1,403,,3.115296971165556E-9,4.706573638645926E-10,2.556290398772548E-9,
"   34D/Gale",0.760719,1.182907,11.7281,67.9235,209.1572,8.7042717,19380618.4832000,11,JFc,,,47,F,,,,
"   35P/Herschel-Rigollet",0.97405,0.74849,64.207,355.980,29.298,56.9386006,19390809.4640000,155,HTC,,,75,F,,,,
"   36P/Whipple",.2591462074721685,3.088259362363905,9.932581139878453,182.398835502527,202.2127324759689,5.248768519552184,20030706.6463704,8.51099018466956,JFc,26111,0,599,,4.489477391656978E-9,-5.253268897731884E-10,,
"   37P/Forbes",.534476713071357,1.608848221279094,8.962090696248872,314.6396914009586,330.0006658552098,5.303150668803085,20180504.1475418,6.42493440862548,JFc,2866,1,1199,,7.651259896896437E-9,2.248157289476107E-10,7.030582210894037E-10,-40.71518104792003
"   38P/Stephan-Oterma",.859286285876197,1.588505048173736,18.3529465228447,78.00036419278668,359.5886765534911,20.98932338973012,20181110.9873435,37.9303160767358,HTC,28321,0,3265,,,-2.68703931765036E-11,,
"   39P/Oterma",.2431247686159108,5.460125140523424,1.951228375243417,332.1707230932955,55.93030105403736,8.967946790271707,19830616.9977309,19.3765144697127,CTc,28262,0,245,,,,,
"   40P/Vaisala 1",.6316152020645802,1.819771156172117,11.49264281940788,133.8401678570807,47.28885502172881,8.059958769551553,20141115.8423501,10.9794558818843,JFc,27930,0,1128,,3.617306196664066E-10,-1.091448490022975E-10,9.359621633790277E-11,
"   41P/Tuttle-Giacobini-Kresak",.6612506884287184,1.0450427369138,9.229131696230207,141.066286210229,62.15858521740492,5.124963820834708,20170412.7522549,5.41865682628637,JFc,262,2,4259,,4.809399488599843E-9,-8.166515235194353E-10,1.47032014107612E-9,11.40671877972504
"   42P/Neujmin 3",.5841747519155726,2.027755196838527,3.984591946246174,150.279966816504,147.120393793131,7.725164839545697,20150408.2095539,10.7687477482499,JFc,15880,0,297,,1.267969358459133E-8,-1.047094835047333E-9,-1.640862283472756E-9,77.07626509628521
"   43P/Wolf-Harrington",.5949096247356784,1.357094479295572,15.97248249331635,249.8663360818902,191.5591866853453,5.343111510096635,20160819.4179840,6.13190532556299,JFc,2939,0,1636,,3.575587830954031E-9,2.400491171836983E-10,,
"   44P/Reinmuth 2",.4269227933819214,2.116251327143552,5.895253569046006,286.4826633022792,58.3481931378514,5.269320120139312,20150324.0918740,7.09642087078555,JFc,4692,0,859,,7.69176633168077E-10,-5.522986368588859E-10,6.936819434989004E-10,-133.3854375596532
"   45P/Honda-Mrkos-Pajdusakova",.8239728768241841,.5325129856954378,4.248163257767544,88.98173256883967,326.2819909297767,5.517838529321526,20161231.2657470,5.2617973693737,JFc,203,2,1672,,6.941986037986159E-9,-7.411515908822887E-10,3.52361517202093E-10,
"   46P/Wirtanen",.6587595570783943,1.055355764253904,11.74759116219177,82.15764001105799,356.3410920516584,5.130052713230428,20181212.9312015,5.43895901998447,JFc,414,2,4125,,3.318435588414734E-9,-1.256386330832006E-9,8.087734096299872E-10,
"   47P/Ashbrook-Jackson",.3171675842332894,2.818247659006634,13.02987725094421,356.9743281840909,357.6642778648413,5.436333095898497,20170610.1548480,8.3850516031867,JFc,2129,3,1077,,-1.801045050686222E-8,-3.758800221155857E-10,9.155921859902385E-10,
"   48P/Johnson",.367807917750657,2.302504592506113,13.66072398811014,117.2894093488922,207.8209315334678,4.981688478415587,20110928.9572311,6.95080942686081,JFc,25665,0,2123,,5.750573803808527E-9,-1.751196058818756E-10,,
"   49P/Arend-Rigaux",.6004277045509042,1.423830622944393,19.0498060708449,118.8788703052938,332.7864094506368,5.702942875423862,20111019.0754531,6.72670904588953,JFc,5863,0,3306,,-1.67153549890005E-10,6.270458478657944E-11,3.435581500738994E-10,155.3595897597129
"   50P/Arend",.5298191651919552,1.922161808831259,19.16230981680282,355.3247745531997,49.01451533157994,6.254104285111073,20071101.4633114,8.26600634401576,JFc,6447,0,1693,,2.365273031799187E-9,-1.107871065975338E-10,,
"   51P/Harrington",.542437041421476,1.699602249252703,5.424389279818731,83.70082476433753,269.2756022819647,5.729330610752958,20150812.6857017,7.15900818286303,JFc,5085,2,653,,3.867415007133801E-8,3.996867447334527E-9,-7.129200060302572E-9,
"   51P/Harrington-A",.5620663599153678,1.568096864999769,8.654956945930117,119.1877795469232,233.587839407905,5.593247783914295,20010605.6933477,6.77571408202069,JFc,7593,2,246,,2.625456552342429E-8,3.101463228773831E-9,,
"   51P/Harrington-D",.5524980225643705,1.646282145601325,5.408234874963838,84.56410029483207,269.1090870083974,5.711370908962587,20080614.0675435,7.05622087046608,JFc,5132,0,235,,,,,
"   52P/Harrington-Abell",.539617075598499,1.775700835903087,10.22565162735523,336.8686694013297,139.6709936590744,5.938316091251641,20140309.1100270,7.57502534116723,JFc,11222,0,1295,,3.812871864310003E-10,5.922660648615227E-11,5.907207852064567E-10,
"   53P/Van Biesbroeck",.5510744634278288,2.426218348989635,6.611254102620895,148.8977993028672,134.2654652081746,8.382782927771487,20160430.7999891,12.5643944118219,JFc,6192,0,2911,,-1.216840672420297E-8,4.627173099646659E-9,2.212587938595131E-9,-179.1889805451431
"   54P/de Vico-Swift-NEAT",0.4270474945217546114406,2.1717640349767100005351,6.0671607093682196065742,358.8600316230779,1.933331420129209,5.409192551168005,20091128.5701211,7.37987869257988,JFc,16209,1,141,,6.664761869785403E-9,6.905615013053886E-10,,
"   55P/Tempel-Tuttle",0.905552720972412,0.976427915467506,162.486575379434,235.270989149082,172.5002736828059,19.70024854404794,19980228.0977341,33.2417827583798,HTC,48407,,392,,1.580981480640338E-9,9.186415654543854E-11,,
"   56P/Slaughter-Burnham",.5073072932202485,2.505832507178138,8.147233422215407,346.0397842419798,44.21475392696136,7.666156940590654,20160718.0633024,11.4702282517997,JFc,4940,0,1964,,-3.784928456548057E-8,1.976550653448429E-8,,
"   57P/duToit-Neujmin-Delporte",.4992889286810742,1.72872449611193,2.848332280065132,188.7994329470437,115.214272881255,5.17635348252468,20150522.2626326,6.41528699620548,JFc,16549,0,719,,7.600102113351381E-9,3.307496160787671E-11,-1.209113945893137E-9,
"   57P/duToit-Neujmin-Delporte-A",0.499040120360139,1.72939044107225,2.84481020036925,188.9256753142995,115.2325343233014,5.174916715482914,20020731.1512416,6.41421280698932,JFc,4946,1,533,,1.850173392646791E-8,-1.607216552946147E-10,-7.457258926508415E-10,
"   58P/Jackson-Neujmin",.6604885138591077,1.38861538361083,13.45598451369799,160.6156485204055,200.4451346767324,6.791463584525021,20040110.4170165,8.27178910279926,JFc,11968,1,369,,2.289961916149745E-9,2.191251617160212E-9,,
"   59P/Kearns-Kwee",.4763732522282405,2.35163154126014,9.342506163347114,312.864104234953,127.7380243417494,6.630459428184295,20090309.5334589,9.51764238452834,JFc,3925,0,1249,,2.787145888506149E-8,-2.432281883246637E-9,-2.00786407822556E-9,
"   60P/Tsuchinshan 2",.5385486170391682,1.619511457218346,3.609030486894438,267.6621316408426,216.4921496275937,5.399695839667406,20120513.8922046,6.57499325399629,JFc,5009,0,1390,,6.474969590846007E-10,1.327306663505201E-11,,
"   61P/Shajn-Schaldach",.4266921436652285,2.110519378969819,6.007764953028679,163.0891024911736,221.8295259706238,5.252084693692405,20150930.9693951,7.06334434178254,JFc,6124,0,1502,,7.968180502614994E-9,-3.061770130421073E-10,-6.011276877364649E-9,-168.0933894384228
"   62P/Tsuchinshan 1",.5979411910839181,1.384086500989617,9.709984573381838,90.38262560156416,30.09091896763292,5.50090877978039,20110630.2228746,6.3873200676556,JFc,7520,0,1518,,6.356989321173015E-9,-2.782137456793636E-10,-1.53652128429908E-9,17.41772727857961
"   63P/Wild 1",.6509190323024351,1.950577151905188,19.77997964011996,358.0018642381609,169.0295202220291,9.224922702874174,20130410.8313401,13.208808523438,JFc,19491,0,1948,,3.025094249986194E-9,-1.100220252464464E-9,,
"   64P/Swift-Gehrels",.6873194552330496,1.393353090694932,8.948390092799494,300.0009854543124,97.14410525137997,7.518957662335368,20181103.9121350,9.40694685088381,JFc,6707,0,3425,,-4.288967091959609E-10,4.992406544248472E-10,,
"   65P/Gunn",.2505391269708491,2.910381239100402,9.183298186122631,62.01900995387292,213.4531660816297,4.856218309551954,20171016.3847137,7.65260995822444,JFc,2316,2,1823,,-2.607915759681589E-7,2.47930047289609E-8,1.928145854500599E-8,-332.1973067568233
"   66P/du Toit",.7865681713017859,1.285451447234088,18.6689713312349,21.99985095509755,257.342734110419,10.76009447789291,20180520.4689477,14.7809701659725,JFc,16304,0,547,,7.681995007508509E-10,-8.894690955671997E-11,,
"   67P/Churyumov-Gerasimenko",.6405847372930017,1.245279365549379,7.043698689343029,50.18000114437616,12.69446404906225,5.684194670529901,20090228.5294610,6.44931540263189,JFc,7969,0,6326,,1.066669918189136E-9,-3.689152186829759E-11,2.483436017455598E-10,35.07142445377104
"   68P/Klemola",.639165406955733,1.766900017101724,11.14012569130488,175.359524548697,153.9590295085953,8.02650699631598,20191118.2178314,10.8358732158791,JFc,19784,0,1906,,1.02666266512886E-9,-1.941340229369521E-11,,
"   69P/Taylor",.413665062768043,2.280123984158803,22.04227617403325,104.8536964045363,343.6689082150518,5.4974237598767,20190318.4238112,7.66879692412183,JFc,2686,1,44,,5.825426322859037E-9,3.79427551466757E-9,7.776613850812526E-9,125.2891046646239
"   70P/Kojima",.4525558719625941,2.012733289385614,6.595778229426431,119.2602107657946,2.052717167267228,5.340467471398098,20071005.3575416,7.04981700467901,JFc,16600,0,1232,,1.702167012901716E-10,-7.802738015152185E-11,,
"   71P/Clark",.4943781414695106,1.58621399332349,9.445340590021177,59.44627994746336,208.9167867411067,4.688095420172089,20170630.2040859,5.55663802478134,JFc,705,3,916,,2.109580211754518E-8,8.647826217701629E-9,-4.639220390766512E-9,
"   72P/Denning-Fujikawa",.8191545266363583,.7841612055380167,9.169283869658974,36.10919645775216,337.8580424566273,7.888007259096272,20140711.6372194,9.02931423648274,JFc,13080,1,44,,,,,
"   73P/Schwassmann-Wachmann 3",.6855247615486663,.9721773438956006,11.23693587876469,69.66173403110609,199.3892328579607,5.21067729790825,20170316.8423744,5.43559090602429,JFc,2549,3,984,,5.245232949339103E-9,5.786918675230804E-10,,
"   73P/Schwassmann-Wachmann 3-B",0.6932855208263886126474,0.9391110367239190459542,11.396951947033860719216,69.89247679701043,198.7994525904428,5.184571413835244,20060607.9244273,5.35774699700879,JFc,3806,2,1484,,1.49431967818014E-8,1.961498904699281E-9,,
"   73P/Schwassmann-Wachmann 3-C",.6922258013072282,.9428566311694347,11.37915705677313,69.84321690348189,198.8705914205202,5.184080813061352,20111016.8996863,5.36201936497173,JFc,5853,0,3223,,6.544631766354118E-9,4.832373496932443E-10,,-12.17581160807467
"   73P/Schwassmann-Wachmann 3-E",0.6938774627627,0.937436994548815,11.4056211759106,69.91710448172594,198.7732444491985,5.187149604066312,20010128.4534014,5.35893362989882,JFc,4021,0,129,,1.723191563169948E-8,5.810952472839584E-9,,
"   73P/Schwassmann-Wachmann 3-BT",.6856310518219497,.9719763711356069,11.23831659968891,69.65685932079016,199.3494535707964,5.211690156800893,20170316.8207218,5.4366615827598,JFc,250,6,353,,-1.052713400156597E-7,3.114766667149811E-8,,
"   74P/Smirnova-Chernykh",.1475530279751945,3.551596639755021,6.650938488453135,77.08318599905427,86.62749901086059,4.781113209208281,20090726.7848994,8.50437883991261,ETc,8399,0,5708,,2.172272920394882E-7,-9.834447920911733E-8,,
"   75D/Kohoutek",0.496307395647225,1.78465693964704,5.90720925939778,269.6860945460317,175.8017246617871,5.301637058813597,19940629.8984801,6.66947975418123,JFc,4784,,81,,3.982196062371616E-8,8.704448179457784E-9,,
"   76P/West-Kohoutek-Ikemura",.5381528754379419,1.603256048097465,30.46719089375004,84.10840740889606,.05192976656452167,5.339543691611801,20130508.3579503,6.46792784770088,JFc,9743,0,1068,,4.499682409458798E-10,-1.686711266767998E-10,,
"   77P/Longmore",.3579075021671352,2.311098542747621,24.39924221547497,14.91285511991158,196.7523001954945,4.887548227142516,20090707.9722785,6.82872312508889,JFc,15771,0,1785,,1.732576243323444E-9,-4.848233063201061E-10,1.446975473680593E-9,
"   78P/Gehrels 2",.461667005572465,2.011396742795327,6.25283502029762,210.5626133997185,192.7562104678063,5.461289358989137,20120112.1490158,7.22234646460155,JFc,3311,0,5513,,-8.665268069952063E-10,3.44716889990492E-10,-7.20161017782113E-10,
"   79P/du Toit-Hartley",.6185134899509153,1.123805320881192,3.145618792107812,280.6403368540958,281.689317338125,4.767911902548781,20130823.2858908,5.05622102755015,JFc,3684,3,198,,-4.871755274376041E-11,-3.296388071159945E-11,,
"   80P/Peters-Hartley",.5989902415048468,1.612724740769127,29.92275599280534,259.8892998524929,339.1311051464525,6.43059443840052,20141110.0391888,8.06521897446367,JFc,11703,2,48,,7.370111226638529E-9,-7.828764110205031E-10,-1.023511746192518E-9,
"   81P/Wild 2",.5370707300610902,1.597968662170711,3.237247549683569,136.0976855407395,41.75623208556019,5.305758390480706,20100222.5614610,6.41340443513279,JFc,3257,0,4103,,1.791197908396128E-9,3.027992287262192E-11,-1.03127978372046E-9,-133.6287212117213
"   82P/Gehrels 3",.1238890301135609,3.626164069197896,1.12658939241537,239.6239758071735,227.6579311368321,4.651700707835809,20010831.6461279,8.42055467964466,ETc,16277,0,140,,,2.93561772446461E-11,,
"   83D/Russell 1",0.517209914571475,1.61154162690654,22.659458665718,230.84200613,.3762291200373954,5.064409994909118,19850705.2291439,6.09863974906463,JFc,2302,1,20,,,,,
"   84P/Giclas",.4927386898707408,1.849615141052111,7.281480665734911,112.4715870620582,276.2590100204805,5.442938436829854,20060807.5304647,6.96277965367566,JFc,15289,0,1268,,3.967311120780008E-10,-2.312791067181524E-11,,
"   85P/Boethin",0.7811606261503803994017,1.1346574522589409905748,4.2952945910302675613934,359.3961137217372,37.61838460810365,9.235116800875655,20081212.7465637,11.8063909966417,JFc,4042,8,51,,0,0,,
"   86P/Wild 3",.3687169262916488,2.282560174289136,15.47735410909144,72.4526216141705,178.665283902942,4.948934758342827,20150405.0205525,6.87551664961439,JFc,2597,2,17,,-4.694923087419606E-9,7.333327165475745E-10,,
"   87P/Bus",.389341696339855,2.10117978798726,2.602349277713925,181.8897686982888,24.75611196996587,4.780507647992152,20131219.8852646,6.38271750993022,ETc,7549,1,657,,8.691958282197463E-9,-2.147667871643638E-9,5.767818225116969E-9,
"   88P/Howell",.5630567782442237,1.358562610545129,4.382702396030979,56.69887136968667,235.9142857306592,4.85992319219141,20150406.2303278,5.48264567097524,JFc,4214,1,2985,,8.24290656719786E-9,-7.702505187298055E-10,-6.177592946798307E-10,36.16782543796568
"   89P/Russell 2",.4080083815513693,2.220561913965532,12.07653613877625,41.44521124700714,250.1414428824369,5.28144265760162,20161214.6685190,7.264892552219,JFc,13592,1,188,,7.501812884983252E-9,-3.394047270187426E-10,-4.244969252452372E-10,
"   90P/Gehrels 1",.5097929126747022,2.974897484109951,9.635377864966653,13.25190332544677,29.26997752861308,9.162411669626664,20170619.2755651,14.950194058866,JFc,6092,2,572,,2.38734542294088E-7,3.444369439891368E-7,,
"   91P/Russell 3",.3300667330034073,2.60666220760153,14.09112981309247,247.8983368232365,354.881178691618,5.175194093661346,20050627.0014560,7.67517027477845,JFc,5912,0,248,,-1.087100297314223E-7,1.976424003113985E-9,8.530645011240852E-9,
"   92P/Sanguin",.6593254789566613,1.825455658882622,19.44460631112987,181.4589164241891,163.7890342412169,8.891258072992841,20150301.1835357,12.4038256630773,JFc,13943,0,919,,3.715753605531182E-9,-8.373334464885918E-11,-1.997865932990026E-9,
"   93P/Lovas 1",.6126650383337702,1.700150174908333,12.20450342919124,339.6274201271978,74.89804338193238,7.078557368529837,20170301.4523394,9.1962142413058,JFc,13649,1,3382,,3.904031314268461E-10,-4.966109079668308E-11,,
"   94P/Russell 4",.3630868388899293,2.240242609532059,6.182411856232447,70.91301554821963,92.83630513305694,4.794445151127679,20100329.7174519,6.59675640465795,ETc,12939,0,1475,,-1.494159847041619E-10,2.344737964345696E-11,,
"   96P/Machholz 1",.9592074836894154,.1237142323289413,58.53858182853028,94.35081293062883,14.7463138854509,5.94182148441922,20070405.6560801,5.28161761434005,JFC,3829,0,963,,7.035676975844572E-11,-1.76259481435609E-12,-2.102047080596514E-10,
"   97P/Metcalf-Brewington",.4573932742257172,2.604021608446533,17.86957001570563,185.1974637230118,228.2912964551788,6.994169806267966,20110819.6830982,10.5134999955919,JFc,7693,2,218,,-9.814445114173195E-8,6.400189029910006E-9,-2.042375094472221E-9,218.9029919228531
"   98P/Takamizawa",.5605977808221723,1.673383969949164,10.54421204182212,114.7417165616202,157.8742443878394,5.943254712851567,20130805.3573338,7.43204344767768,JFc,10752,0,682,,4.726219244136132E-9,3.101721043449187E-10,,
"   99P/Kowal 1",.2277886179483038,4.718469753605311,4.343826192324336,28.40127770085497,172.9052629290731,7.502198999214056,20070116.4834610,15.1044761410278,JFc,15722,0,605,,,,,
"  100P/Hartley 1",.4134100168407287,2.010583373203595,25.58952437887889,37.72521355662104,181.8661603902218,4.844574167588164,20160402.0333313,6.34584366412349,JFc,11354,1,383,,1.80922233832075E-9,-7.02135752197587E-11,-7.403193330184955E-10,
"  101P/Chernykh",.6012949143810945,2.299502950759389,5.031464863029928,128.8534499369892,264.4078456299863,9.235353431570905,20060110.9048883,13.8510117013217,JFc,10499,0,866,,8.058964179713218E-8,-2.105451667105523E-8,7.51071709834253E-9,88.22322475775825
"  101P/Chernykh-B",.5947203403123665,2.350527046947969,5.078327540984246,130.2337768015298,263.1851639654208,9.249004243418893,20051224.3893442,13.9676669148349,JFc,109,6,98,,,,,
"  102P/Shoemaker 1",.4729510635048332,1.968559313878646,26.24763360906397,339.8562119379991,18.80153804163205,5.501560356485959,20130901.2806969,7.21862610252505,JFc,2708,3,395,,,1.185139953555036E-8,,
"  103P/Hartley 2",.6948883789281467,1.058679098998275,13.61926973311054,219.7583231740731,181.2099869444809,5.880939230052245,20101028.2653158,6.46348264304736,JFc,5313,1,6097,,7.81473130558195E-10,2.539602225693799E-10,2.955003222379178E-10,75.34788488421449
"  104P/Kowal 2",.6386695859566606,1.179122444061068,10.25426992139334,235.4207637354207,200.6739477005111,5.34743827838971,20160328.1515717,5.89508108782436,JFc,4685,4,133,,2.200273266754491E-8,-1.05737556441448E-10,4.296959281020488E-9,61.95449595727518
"  105P/Singer Brewster",.4092921638289355,2.05082519470213,9.170617424610311,192.4200557547587,46.6837131983796,4.892794202648227,20120226.1979266,6.46907327385813,JFc,12199,0,757,,,-6.832566625367815E-10,,
"  106P/Schuster",.5886970626590886,1.545698058285095,20.14848227471757,50.49922676211688,355.958463758387,5.970407069862492,20140720.2018431,7.28538450496625,JFc,13712,0,297,,7.531985617773915E-10,8.503949911323412E-11,,
"  108P/Ciffreo",.5433862742962028,1.708894250511029,13.09615620875901,53.65521402800832,358.1076586706113,5.776181884145419,20141018.4654730,7.24031634675239,JFc,10718,0,1447,,1.265305592606873E-9,-2.624626071368604E-10,,
"  109P/Swift-Tuttle",0.963225755046038,0.959516155068868,113.453816997171,139.3811920815948,152.9821676305871,51.22462284058444,19921211.9997846,133.281843840173,HTC,94131,0,652,,,,,
"  110P/Hartley 3",.3146448143164488,2.475380474799974,11.69311512825019,287.7145713379281,167.7482688589667,4.748262175050583,20141217.7866698,6.86432107185401,JFc,2178,3,1322,,-4.951810138584976E-8,-2.909915125582859E-8,,
"  111P/Helin-Roman-Crockett",.1096207704078609,3.704303387230362,4.228807042165645,89.79399820609125,3.37794152502789,4.616428418086374,20130130.6292399,8.48604821158179,ETc,8753,1,137,,,-1.134125358309937E-7,,
"  112P/Urata-Niijima",.587407344869055,1.459185607969411,24.20010522204686,31.92988236979212,21.35107724365804,5.614064920478835,20130624.5670868,6.65107384645484,JFc,12251,0,609,,,6.356228674755308E-11,,
"  113P/Spitaler",.4224626710610525,2.128983431348476,5.776051493793135,14.47946726688581,49.92617016882277,5.24364280307986,20080324.1952518,7.07777145148108,JFc,45787,0,520,,,,,
"  114P/Wiseman-Skiff",.5544736510714491,1.579410628573244,18.27316570596908,271.0622444210836,172.8444790301366,5.510677903212041,20200114.2494823,6.67483748082518,JFc,5046,0,1798,,2.345791387980178E-9,2.399462890611942E-11,,
"  115P/Maury",.5211117952062773,2.035563944870462,11.70387131888686,176.599788447697,120.1137458741249,6.465643328535927,20111007.0585520,8.76363167610825,JFc,12750,0,969,,5.633858868088154E-9,-3.096329596413704E-10,,
"  116P/Wild 4",.3723933201329607,2.187099425460699,3.607911494724897,20.99246571548248,173.3149137202298,4.782550502178835,20160111.5421635,6.50548464372376,ETc,1024,2,814,,3.577242805120446E-8,2.533070688387474E-9,5.581069918010034E-9,68.70383957494631
"  117P/Helin-Roman-Alu 1",.2538860336755097,3.056075796427832,8.697067680677563,58.88801329350374,222.647775218809,5.135905413849427,20140326.9579954,8.28984919270504,JFc,3514,1,2786,,1.343125723199138E-7,3.188967160958949E-8,,
"  118P/Shoemaker-Levy 4",.4276928306674881,1.983551981007191,8.508598912999116,151.8029060423584,302.1455444899108,4.948222028815644,20100102.3611981,6.45252657423977,JFc,3147,1,1708,,-7.874204687865599E-9,-2.278129851741168E-9,,224.050256260166
"  119P/Parker-Hartley",.2906392224482433,3.038693603990794,5.191033406129119,244.074703048608,181.0994667992083,5.528720045459491,20050522.7489282,8.86620589791113,JFc,10777,0,1717,,3.165911341057349E-8,9.812115915966888E-9,,
"  120P/Mueller 1",.340813229617001,2.727559077565098,8.795942531284931,4.273039036177162,30.28447308525833,5.547968284673495,20130222.6673811,8.41698837236592,JFc,9571,1,135,,-1.048246107785935E-8,-1.818629568069987E-9,,
"  121P/Shoemaker-Holt 2",.1837585083825333,3.752301126901096,20.15162957717192,94.16886824493135,11.75664426964608,5.441794408393304,20130902.4209579,9.85659079960933,JFc,9536,0,573,,,,,
"  122P/de Vico",0.9627088867609727707019,0.6593373359243723808020,85.382753114444753350653,79.62450068849807,12.99609193700053,34.70229596786979,19951006.0001734,74.3466977284963,HTC,54902,0,294,,,,,
"  123P/West-Hartley",.4492707940975402,2.126111872271397,15.35434946645353,46.52937240701016,102.9144075103602,5.594967197023341,20190204.3085057,7.58543006573227,JFc,3248,0,3050,,-3.189044573821657E-9,8.326678176759278E-9,1.814248078473024E-9,
"  124P/Mrkos",.5039164221937876,1.645352484500695,31.52834240372221,.4150309103551901,183.704146933022,4.988015593421963,20140409.6034915,6.04038128711148,JFc,10692,0,2782,,,-1.244695419992964E-11,,
"  125P/Spacewatch",.5120401837068013,1.525211994136073,9.986457950401826,153.1877488061983,87.29359844035815,4.726171596104579,20130217.3832172,5.52621059765882,JFc,9887,0,799,,,6.993232469304938E-11,,
"  126P/IRAS",.6957724986244791,1.717813367167046,45.80272010221584,357.7993210662704,356.7748973871472,9.575139172627678,20100222.1436317,13.4175883366531,JFC,10084,0,360,,,-6.606209829718528E-10,,
"  127P/Holt-Olmstead",.3623455624836588,2.195723043641129,14.32165437252401,13.68456209223027,6.540056514329597,4.691151459086249,20091021.3648209,6.38993532241859,JFc,2771,3,511,,6.095811191204703E-9,-1.607159112276551E-8,,
"  128P/Shoemaker-Holt 1",.3220229715090218,3.054366808318201,4.363339234506762,214.3441081801383,210.4951536213532,5.955870058014934,20170110.1197756,9.56241352896039,JFc,4229,0,696,,-2.417365716476635E-9,-6.477288213870424E-11,,
"  128P/Shoemaker-Holt 1-A",.3341244560473043,3.034620890006818,4.353888335077986,214.4009006383635,210.5667859053697,6.080058024293117,20170506.6969351,9.72915830890068,JFc,79,8,15,,,,,
"  128P/Shoemaker-Holt 1-B",.3212585112842391,3.047035099236322,4.361724121462829,214.5275829560614,210.2169312978122,5.931449787554914,19971120.2887819,9.51191132031499,JFc,942,3,236,,,,,
"  129P/Shoemaker-Levy 3",.1516582978569438,3.577946564145488,3.464884181037855,187.7556766909586,316.6264187582752,4.857207702365243,20140217.2426834,8.66169232957286,ETc,6164,0,579,,5.684011849065364E-8,-2.918542510260483E-8,8.102789032777528E-9,
"  130P/McNaught-Hughes",.406738707574909,2.098074456302373,7.307309105263396,89.81289187480661,224.3736637933758,4.97494541905816,20110624.7947445,6.65074851974542,JFc,10010,0,1132,,3.563459882542453E-10,3.596247524528032E-13,,
"  131P/Mueller 2",.3430115020043426,2.417741522532803,7.355164099867491,214.2265569436209,179.633855733234,4.942331081200312,20120107.8457660,7.0597017923177,JFc,10729,0,739,,5.359537383170001E-9,-4.591958256621174E-10,-3.428146535655014E-10,
"  132P/Helin-Roman-Alu 2",.5307297155941175,1.918324718770994,5.76803446068485,178.4306580701276,221.1884228945081,6.257452791623385,20060214.4871954,8.26526543594235,JFc,9165,0,245,,,,,
"  134P/Kowal-Vavrova",.5878685932612639,2.571355337811251,4.348831550383866,202.0979258636716,18.62907986921665,9.906972184756421,20140521.6410033,15.5846760593173,JFc,11811,0,1057,,,1.704277437354331E-9,,
"  135P/Shoemaker-Levy 8",.2906601319199704,2.714425337306666,6.052818430756131,213.3771349219848,22.66576921021946,4.938959054166498,19920614.3833632,7.48589098418778,JFc,2627,1,112,,,,,
"  136P/Mueller 3",.2934294505218962,2.963743702424902,9.425423853084402,137.5534895214019,225.1196123583549,5.42535121418044,20071023.4482954,8.5908447554413,JFc,9629,0,556,,-5.737401999037574E-8,-1.371750082232044E-8,-6.744451275414765E-8,
"  137P/Shoemaker-Levy 2",.5720767979726137,1.933137295835092,4.850499244172441,233.0729149327298,140.9955115870911,7.101835739870388,20181214.1246036,9.60181866679796,JFc,10754,0,1181,,,,,
"  138P/Shoemaker-Levy 7",.5294518760783127,1.707302198226694,10.07952060977841,309.4417698756743,95.64910660338207,5.549350677137179,20050719.9043195,6.9114271100523,JFc,9765,0,100,,,-9.70461262058737E-11,,
"  139P/Vaisala-Oterma",.2475258899275365,3.40292120665557,2.328730061858098,242.37758960,165.7253932402583,5.641698830378974,20080420.4423869,9.61720113864335,JFc,28975,0,546,,,,,
"  140P/Bowell-Skiff",0.691761661370916,1.97187717420617,3.83582756854885,343.4564572071254,173.0867710151257,10.8226193376571,19990514.8119290,16.1807262009553,JFc,,,,,,,,
"  141P/Machholz 2",.7489797945046486,.7579491423980571,12.80472093533867,246.0647015561951,149.4081937313872,5.281000119892252,20100524.5678756,5.24693011719363,JFc,7738,0,291,,7.644847029123928E-9,2.20684547433745E-10,,
"  141P/Machholz 2-A",0.750123959058633,0.752849878443384,12.7950633405702,246.1615904468121,149.2844343114263,5.272936952556059,20050228.2485008,5.22978523604551,JFc,3832,2,261,,-2.80788611051345E-9,1.028412513171773E-10,5.988611999763116E-10,
"  141P/Machholz 2-D",0.751062411225747,0.749005693539528,12.8118412445562,246.1336343426631,149.2918108441891,5.268612595667557,19991209.9552760,5.21915461480777,JFc,1914,,116,,2.272489937995849E-8,5.863736196640275E-9,,
"  142P/Ge-Wang",.501334252392285,2.466335835305696,12.29303562254899,176.6167271574089,176.6073541114201,7.425403660088268,19990614.6199518,10.9994815208859,JFc,8068,2,80,,,-4.055946735218326E-9,,
"  143P/Kowal-Mrkos",.4085582336709077,2.54250178377771,4.689371832637834,245.3257763363186,320.8200354738136,6.055138520045545,20090610.9280615,8.91316849224042,JFc,12908,0,1002,,,,,
"  144P/Kushida",.6278179294213708,1.438988879179814,4.10912230609167,245.5592284985111,216.0950335745288,6.293725794273568,20090126.8555894,7.60258329742234,JFc,8530,2,3095,,1.032348329656129E-8,-1.248242277412428E-9,-3.330136877834462E-10,38.40044804007968
"  145P/Shoemaker-Levy 5",.5409816362750146,1.901601979405681,11.26421604225583,26.84077386097572,10.42027692978917,6.383913937534844,20170831.8344220,8.43223191682718,JFc,9741,0,881,,-1.079237050724678E-9,-1.298139527190071E-10,,
"  146P/Shoemaker-LINEAR",.646726656289458,1.42576921191251,23.09409337090814,53.44724388498319,317.0689507155134,6.645992993167578,20160629.5651165,8.10803747573577,JFc,5942,0,173,,2.293549499821507E-9,-3.310222057125959E-10,,
"  147P/Kushida-Muramatsu",0.2760252083897379860033,2.7562341423379970173357,2.3679635720599740977832,93.76206553452435,346.8408341847135,4.857937440094014,20080922.8684505,7.4284327777262,ETc,5555,1,256,,2.669298026018222E-7,-6.900666706415933E-8,1.633628816320418E-7,305.4318152700558
"  148P/Anderson-LINEAR",.5394647052225616,1.691980696155342,3.682036792350926,89.78027602563908,6.700966864673739,5.655906492265345,20150613.7828505,7.0421768736838,JFc,18695,1,143,,1.989948518141983E-9,-4.548815640249512E-11,,
"  149P/Mueller 4",.3882006908643104,2.647278301287313,29.75161279104621,145.2534052141308,43.58389119493906,6.006795875511664,20100218.6428327,9.00106978526784,JFc,9974,1,471,,-1.648633622779726E-8,-7.63660369959429E-11,,
"  150P/LONEOS",.5457797220848145,1.767700650567983,18.5001919988026,272.4278161304114,245.6702102323908,6.015750403979863,20081125.9937328,7.67752973046729,JFc,14736,0,483,,,,,
"  151P/Helin",.5703733600209818,2.495961355307986,4.735505041376388,143.564015036869,215.4915432331094,9.123249946067006,20151007.2176473,14.003228748186,JFc,10382,1,412,,4.707174748429356E-8,-3.83674675929215E-10,,
"  152P/Helin-Lawrence",.3085334564082223,3.109795794237907,9.872747387725829,91.96245781921567,163.9054241226952,5.884987317275417,20120708.7204288,9.53782286369264,JFc,9833,0,670,,7.535816712762799E-8,3.690213508917659E-8,,
"  153P/Ikeya-Zhang",.9900806570176691,.5070700896059622,28.1209574068563,93.36945661875394,34.66817865742473,101.7315742458496,20020318.9801594,365.498696171512,COM,403,2,1893,,7.054283011393982E-9,1.667417038203938E-9,,
"  154P/Brewington",.6707084350744681,1.608066401551812,17.82971603463223,343.5032204168225,48.98875093603971,8.158757731434834,20131212.4024144,10.7917843968684,JFc,4582,0,2931,,2.901437541535741E-8,-2.019198959471491E-9,-9.646141540719979E-9,
"  155P/Shoemaker 3",.7257436528126014,1.808930966074331,6.394747914166962,97.26922843141973,14.61590181609068,11.38260304672497,20021207.5422854,16.9397174108503,JFc,12550,0,1847,,5.861432745449002E-9,-8.07803405123439E-10,,
"  156P/Russell-LINEAR",.5578577627494342,1.592034508174122,20.7515241471403,39.02673122026599,357.6632546077219,5.609424090642812,20070617.4172997,6.83272451800279,JFc,12367,0,117,,,,,
"  157P/Tritton",.6012074064871192,1.360581515736349,7.278250043167591,300.1169628656333,148.6980798555847,5.462922921752172,20100220.4852270,6.30194235438958,JFc,5034,0,1222,,3.221111908612328E-9,2.723021157215875E-10,-4.341130849981389E-9,
"  158P/Kowal-LINEAR",.02957607545062476,4.579711716829282,7.90848396337982,137.3091496915609,231.5668548181164,4.858867858495823,20120915.4937804,10.2523440346842,JFc,14611,0,821,,,,,
"  159P/LONEOS",.3821592696256221,3.620619268196022,23.46391152377497,55.07105055005159,4.868166010531844,8.099615705636548,20180523.0794330,14.1862525436127,JFc,11098,0,834,,,,,
"  160P/LINEAR",.4791691730077831,2.066674748903054,17.27517322427731,337.0052479213985,18.17497951471663,5.869394476638152,20120918.4700543,7.90444496429838,JFc,8558,0,877,,5.724616656665432E-9,-6.224682340219642E-12,,
"  161P/Hartley-IRAS",.8350738462769237,1.273433390358047,95.69806814972893,1.415670065293847,47.13845022529085,14.16903418208337,20050620.8646187,21.4554810301242,HTC,7958,0,321,,,,,
"  162P/Siding Spring",.5961608955128394,1.231693714732871,27.82958775145472,31.26114534867436,356.3847942992125,4.868229254822102,20041109.3339941,5.32659570867622,JFc,11059,0,2083,,,,,
"  163P/NEAT",.4761945044977119,1.926188112398533,12.49015044624771,103.4408850800716,347.8690764023282,5.428404876556157,20050201.1958284,7.05181927934566,JFc,10737,0,350,,-5.199068950203682E-9,9.718864508230087E-11,,
"  164P/Christensen",.540332492804741,1.681229209600595,16.26213070048014,88.30717883567652,326.0034128042065,5.633750349685232,20110601.9446089,6.9949221294404,JFc,3406,0,1208,,-9.568680957345946E-10,4.806756479646922E-11,2.965159496834244E-10,
"  165P/LINEAR",.6215837574912003,6.830370786315455,15.9052716892707,.6387082502039784,126.2053458940078,29.26940516955737,20000615.7914909,76.6866857184551,CTc,1209,3,143,,,,,
"  166P/NEAT",.3831014579229702,8.564303380618808,15.36840608994296,64.48884992736954,321.8788868930617,19.20137540274721,20020520.8408320,51.7279957246515,CTc,2742,2,168,,,,,
"  167P/CINEOS",.2699551843085261,11.78354759801997,19.12720756917645,295.8374388815109,343.6495125063299,20.49816263331423,20010409.9553237,64.8482127275767,CTc,3416,3,91,,,,,
"  168P/Hergenrother",.6094745694255875,1.415281124666593,21.92937147437639,356.4777070774762,13.91898130930214,5.832805754515116,20121001.9332499,6.89919300203342,JFc,5193,0,3368,,2.645935917039714E-8,2.372866913427983E-9,-1.318022150370368E-9,
"  169P/NEAT",.7668594528813818,.6071749765626839,11.30248657910837,176.2132135046318,217.9787791565537,4.601485499418468,20091130.5043565,4.2029312146944,JFc,11390,0,1213,,,,,
"  170P/Christensen",.3041235958760041,2.928553746931559,10.12740142886888,143.0126416009267,225.3826675493708,5.488325255075039,20060126.5526192,8.63355847268231,JFc,3535,0,264,,,,,
"  171P/Spahr",.5020210572590079,1.771332348465658,21.93636624712738,101.7081664638199,347.1878637277071,5.34275299303827,20190113.7581022,6.70875319105604,JFc,4969,1,632,,8.733649604812487E-9,-1.946692217729362E-9,,
"  172P/Yeung",.3631672288766847,2.242127399345619,11.5223958075643,39.89278570832835,179.4760655449643,4.799367639895875,20081013.9426477,6.6063339769537,JFc,9561,0,576,,,,,
"  173P/Mueller 5",.2609426287617989,4.214135573181579,16.49427379360109,100.5620500199727,29.76230084701596,7.189946808464397,20080517.8873670,13.6161312066354,JFc,10035,0,767,,,,,
"  175P/Hergenrother",.4221748429689615,2.01593895077141,6.093925149595735,126.4355345436683,51.13955502758102,4.961739076020081,20130526.2009710,6.51672804466942,JFc,6947,0,846,,6.792408806467403E-9,8.745160712510438E-11,,
"  177P/Barnard",.9544420406541483,1.107271122647026,31.21645855802596,272.0677211295935,60.45355087098523,47.50206689625827,20060828.6832418,119.823711847319,HTC,42903,0,1702,,,,,
"  178P/Hug-Bell",.4716004271612915,1.942466642631861,10.96355690847269,103.6321984508248,296.7587117498244,5.409797600113051,20060706.7701944,7.04847022982839,JFc,7294,0,657,,,-2.126421574315704E-10,,
"  179P/Jedicke",.3073410789337982,4.081770167417342,19.88555991544916,115.8804248904036,295.7053975964394,7.704031020660394,20071204.6870698,14.3054615690836,JFc,5217,0,225,,,,,
"  180P/NEAT",.3555557371408392,2.48132678184532,16.88504050722502,84.65130100818102,95.30370207650452,5.219344710943184,20080525.5637863,7.55537638220961,JFc,22332,0,776,,-1.462411030420332E-8,6.959344482443199E-10,,
"  181P/Shoemaker-Levy 6",.7073228278805144,1.123593041258743,16.98117916666919,37.6794577153227,333.7988485602352,6.554443705659363,20140610.3258330,7.52208935718543,JFc,8252,2,88,,-2.912547448601831E-9,-8.638449566027108E-11,,
"  182P/LONEOS",.6663423299937125,.9780224592284675,16.90929664735519,75.10006348979451,51.4338425706135,4.884408092480639,20070205.8329705,5.01856756234231,JFc,3819,0,199,,,,,
"  183P/Korlevic-Juric",.1349564338935371,3.888045850339053,18.73885486899616,5.842822886098768,160.9022197541524,5.101202790256101,20080503.4428013,9.52902131474933,JFc,23871,0,466,,,,,
"  184P/Lovas 2",.6046976282855343,1.39345277642604,1.550078821224515,277.8633144548462,77.9121958715923,5.656607512271429,20130728.1100179,6.61839152342294,JFc,12265,0,270,,,,,
"  185P/Petriew",.6993345995045035,.9319757108506322,14.0071028125114,214.0912549894404,181.9391939260816,5.267445368626664,20120813.5513706,5.45745184458728,JFc,4468,0,735,,,1.474775215645868E-10,,
"  186P/Garradd",.1276361723597143,4.314847725153118,28.59554092758271,327.6609711380141,286.9696698250526,5.577464607018275,20080527.6267307,11.000437014928,JFc,16458,0,343,,,,,
"  187P/LINEAR",.1732844397672385,3.71323406638951,13.65988735880536,111.771121429588,134.554984465711,5.269865429993623,20081021.7576754,9.51924541909039,JFc,7380,0,293,,,,,
"  188P/LINEAR-Mueller",.4148529023488451,2.565145710223482,10.51135701353678,358.9814968959161,26.77145035596338,6.20237862859751,20170217.0428473,9.17864723868602,JFc,3993,0,1150,,-2.078447097377806E-8,5.199766322802091E-8,,
"  189P/NEAT",.5976669763900531,1.173775393695276,20.40139174336421,282.1994634177981,15.30160545818737,4.661069497551958,20070725.9352058,4.98318696882215,JFc,5573,0,1451,,-3.63195907218592E-10,-4.917098761653614E-11,,
"  190P/Mueller",.5207455917476924,2.031923755973765,2.189852338234577,336.1151284856024,49.73911796742881,6.447596603092149,20070708.2090879,8.7301185182217,JFc,6716,0,330,,,,,
"  191P/McNaught",.4203221793231565,2.047668010262542,8.761194673832481,106.5267628196147,274.1717859745949,5.017180556383129,20070913.1521490,6.63922664762918,JFc,7260,0,673,,7.11087351048708E-9,-7.287424569676625E-11,-3.29959650374214E-10,
"  192P/Shoemaker-Levy 1",.772126286309046,1.526435897381264,24.38729278371501,51.72674724291831,310.8321766153857,11.87077322039737,20071219.2931056,17.3374297076236,JFc,6324,0,136,,,,,
"  193P/LINEAR-NEAT",.4032837253409572,2.122177060098335,10.84020845732539,336.0715547646831,7.953758217470965,4.990674223573872,20080216.0505261,6.70700764753719,JFc,4901,1,343,,1.84227807174211E-8,-1.599664159541311E-9,,
"  194P/LINEAR",.5755808395443396,1.697713555806843,11.13800510665402,351.9937652644215,130.711455746716,6.302460394795018,20160302.4425143,8.00041202495453,JFc,5940,2,198,,7.27644840784116E-10,-1.720461369036189E-10,,
"  195P/Hill",.315047798798942,4.438220690510528,36.36748420072287,243.2611246188573,249.6535742516584,8.520992179316432,20090121.4311652,16.4941957478126,JFc,7042,0,253,,,,,
"  196P/Tichy",.4313134844133996,2.15048672993287,19.37778697740428,24.36812233729123,11.59882874227125,5.412508596990408,20001003.3411378,7.35366695349617,JFc,5507,0,237,,,,,
"  197P/LINEAR",.6296602371558928,1.061393390939032,25.5427252545893,66.3882461525948,188.7289004473067,4.670604614286352,20130324.8263090,4.85201633878229,JFc,3778,0,325,,-1.328260898895337E-10,1.674677306319436E-11,7.16543582490778E-11,
"  198P/ODAS",.4476934446732534,1.979105961156612,1.349844954561039,358.7439031395492,69.06461559637235,5.18758776017996,20050503.0372523,6.78330704554125,JFc,7315,2,200,,,1.07900907355782E-8,-2.155662307336122E-8,
"  199P/Shoemaker 4",.5069284376022202,2.936142672111689,24.76767471270187,92.94703569264837,191.9393427947523,8.97345786470852,20090410.0439395,14.5314516481435,JFc,5671,0,630,,,,,
"  200P/Larsen",.3332444293860415,3.272221902359723,12.1210582408734,234.8196348909933,133.690307828843,6.543134868777898,20080824.9932684,10.8723229433603,JFc,8082,0,604,,,,,
"  201P/LONEOS",.6128695185722387,1.339187971234099,7.033343643613875,35.23519856058019,25.0673844327545,5.579347434684292,20150114.6168501,6.43405042848456,JFc,4997,0,846,,,,,
"  202P/Scotti",.3303012468486478,2.526534750978659,2.185415874415965,194.586952891798,255.6483570963257,5.018752556455408,20090207.5004625,7.32785523103363,JFc,31889,0,414,,-2.567141149854931E-9,1.832462403461843E-10,,
"  203P/Korlevic",.3156537343648901,3.18232631190607,2.974791705255605,290.559980033758,154.5936527883389,6.11801321417493,20100208.4612583,10.0279327803771,JFc,7470,0,1023,,1.608005527959606E-7,2.501968112064596E-8,,
"  204P/LINEAR-NEAT",.4705293233791104,1.940225472834664,6.581224664404781,109.1066822496268,355.0404917170418,5.388699653736225,20081209.2748786,7.01493475573888,JFc,5315,2,1239,,1.080712377703343E-9,-2.05507690784695E-10,,
"  205P/Giacobini",.5686950644375306,1.527121245200829,15.30550506709045,179.6179218543356,154.2642271848786,5.554278104933172,20080910.0691278,6.66257082826544,JFc,2680,1,524,,,5.834321372386439E-9,,
"  205P/Giacobini-A",.568714327637854,1.526450001972009,15.30462698794076,179.6299185991975,154.219453037641,5.552152881409961,20080910.0428953,6.65862461283462,JFc,163,4,1143,,1.379092974617826E-8,-1.715887567924681E-8,,
"  205P/Giacobini-B",.5753279137768729,1.530213038690974,15.40528193605396,179.5073325093614,154.0793970125158,5.676349805126287,20080909.7638931,6.83999014591284,JFc,19,9,66,,7.838648189527286E-6,-2.395403737244474E-7,,
"  205P/Giacobini-C",0.5687302569766289339625,1.5266815023710049725735,15.308543661944190361623,179.6270623155098,154.2717704299316,5.553256411512614,20080910.2539860,6.66050843501621,JFc,40927,3,66,,6.25202759905467E-9,2.271900440689285E-10,,
"  206P/Barnard-Boattini",.6886420878908622,.9788121331531039,31.97414822324667,205.260324700398,179.5749493037745,5.308563874237445,19970626.8054613,5.57400506462474,JFc,42447,2,278,,,,,
"  207P/NEAT",.757031518894085,.9437429707482262,10.1500529330324,200.6727229123889,271.2038116059287,6.824696511217579,20081106.3838885,7.65532951247586,JFc,3149,0,143,,,,,
"  208P/McMillan",.3743976029670311,2.527632155924294,4.41402848939559,36.39967666437411,310.6418246413388,5.553002342639141,20080513.6106256,8.12140939820752,JFc,5944,0,218,,,,,
"  209P/LINEAR",.6920214125125672,.9028409771273824,20.61911890702222,63.60831693350104,152.1306549514883,4.960170373713515,20140423.2245184,5.01931337549497,JFc,5743,0,2794,,,,,
"  210P/Christensen",.8316968548421141,.5344475889680668,10.21716794655259,93.87242261853319,345.766023620465,5.816563718238333,20081219.9808962,5.65884160234454,JFc,6256,0,717,,-2.05617514420794E-10,5.655361521862536E-11,-1.14374450399871E-10,
"  211P/Hill",.3383819983698705,2.356905503021389,18.8790788406648,117.2669288612731,4.262434031254962,4.767766126874775,20090507.8426486,6.72373344652051,JFc,2733,1,660,,,,,
"  212P/NEAT",.5788465760830377,1.654448993646897,22.39795934058236,98.92885056048631,15.05140142791056,6.202302962728508,20081203.2743518,7.78623975238946,JFc,5963,0,124,,,,,
"  213P/Van Ness",.4074580950997326,1.983346037750145,10.37780533630779,311.3167687277543,5.554605392988465,4.711019445426841,20170924.3687245,6.12388938720299,JFc,597,4,353,,-2.602317031597013E-9,-7.229276065110103E-10,1.924544451509525E-8,
"  213P/Van Ness-B",.3797273022751771,2.122728532462212,10.24005100770656,312.6706695170379,3.341503759615148,4.721772411230579,20110616.4297495,6.33105214171125,JFc,77,5,115,,,,,
"  214P/LINEAR",.4895520712375712,1.839835893817929,15.22601869028518,348.3073702668507,190.1589408985868,5.36887547573773,20020301.0462462,6.84304923048928,JFc,2665,1,132,,,,,
"  215P/NEAT",.2009117349775243,3.213413661307352,12.79094292765071,75.44389704690556,222.4281671602113,4.829286505781121,20100607.9269861,8.06428794615025,JFc,9426,0,359,,,-1.209586051917105E-8,,
"  216P/LINEAR",.4453523429269599,2.153920209622559,9.04322917982628,359.9111802313601,151.6459598193536,5.612885192528144,20010212.9562379,7.65291420855174,JFc,5564,1,182,,,,,
"  217P/LINEAR",.6896124377441168,1.224234559870939,12.88038541924797,125.6209072877638,246.764171333605,6.664190807262048,20090908.9848169,7.83337089925314,JFc,6117,0,3268,,1.584372802014197E-9,-1.224085867174653E-10,-2.204927992313826E-12,22.37552737625511
"  218P/LINEAR",.4910536519598606,1.700962098230598,18.17171407980748,226.6187117822295,10.77752231074719,4.983287056049402,20090622.5752870,6.11001326958857,JFc,4522,0,707,,2.439979582654559E-9,,,
"  219P/LINEAR",.3529673665115035,2.36398563305984,11.52573899977867,231.0267301853528,107.7099629277071,4.943174812045806,20100305.4750343,6.98370962859479,JFc,5707,1,752,,-2.549016592692452E-9,-9.894621219055712E-10,-1.406340512022287E-9,
"  220P/McNaught",.5022904929299784,1.54931882333827,8.132186510494218,150.1204212330053,180.7515643603808,4.676476751510172,20091215.3094212,5.49231570968561,JFc,5895,0,458,,,,,
"  221P/LINEAR",.4873988738431755,1.781064740784661,11.42811089699594,229.9851828886036,39.56718371141837,5.168060611857519,20090124.5214333,6.47676929365222,JFc,4910,0,587,,,,,
"  222P/LINEAR",.726824140378956,.7805866351514437,5.146522899249113,7.132839914256547,345.426702306856,4.934315378769494,20090901.1699951,4.83032543426149,JFc,5283,0,239,,9.655501420133272E-11,-4.324885941246632E-12,,
"  223P/Skiff",.4164885826305807,2.420123063317308,27.05481531580511,346.8228426155593,37.84518999543484,5.874909360307526,20100814.4879625,8.44676361823595,JFc,6813,0,734,,-5.493903691195674E-9,-1.36262869150789E-11,4.814692586808349E-10,
"  224P/LINEAR-NEAT",.4369516486843072,1.881879882577228,14.73038573928028,43.51510912458283,9.287938918038224,4.802732116302727,20030917.1045986,6.11051078591887,JFc,2183,2,96,,,,,
"  225P/LINEAR",.6375279752197517,1.32451381966037,21.33499395312778,14.18217273040393,3.920316763471809,5.983712631544341,20160816.9453514,6.98523791347873,JFc,5175,1,475,,3.058275791988745E-10,-1.829563570078335E-11,,
"  226P/Pigott-LINEAR-Kowalski",.5288240922535099,1.776352983933021,44.00425137528314,54.00682436197214,341.121463702107,5.763731110896225,20160905.1330769,7.32027663003077,JFc,5184,1,1174,,1.146683805758269E-9,4.28672716816746E-10,,
"  227P/Catalina-LINEAR",.499621919151182,1.795471855112231,6.524172569775821,49.88929668041585,90.13051171564476,5.380989000513084,20100903.8293506,6.79717872229071,JFc,7793,0,169,,,,,
"  228P/LINEAR",.1766454332532139,3.430386090548013,7.915416588600387,31.06750998857755,114.8462918360202,4.902320689963454,20110824.2020366,8.50437414241175,JFc,6741,0,402,,,-1.045374841907068E-10,,
"  229P/Gibbs",.3771286001681352,2.447968633244622,26.08145240484886,157.9636264529545,224.2653090341263,5.412301187798424,20090804.1255587,7.79146977690569,JFc,6017,0,246,,,,,
"  230P/LINEAR",.5634634271788309,1.48453818777786,14.65215695098109,112.4028657174638,308.8921154701211,5.316899676563526,20151117.7491944,6.27139724726408,JFc,8230,0,1297,,,,,
"  231P/LINEAR-NEAT",.246816248172099,3.032391248441213,12.32562024090642,133.0822921177211,42.43114323489593,5.019803826351373,20110516.4567312,8.07857275023218,JFc,25635,0,573,,1.579887204155041E-7,-7.721278197687189E-9,,
"  232P/Hill",.3349222812915101,2.982860988523006,14.63507406238314,56.12915682706939,53.41731985229155,5.987101181658861,20091001.4521502,9.49837093718805,JFc,7058,0,297,,,,,
"  233P/La Sagra",.4090272614185136,1.794977652991923,11.27642868827392,75.05137493669618,26.91663608905688,4.279677016529425,20100312.3529375,5.29353270016844,ETc,1835,1,62,,,,,
"  234P/LINEAR",.2511894162667584,2.860485808300665,11.51338282548197,179.7365888969859,358.4404892030572,4.77959265864497,20091223.9789533,7.46637738283751,JFc,6018,0,261,,,,,
"  235P/LINEAR",.3134045194253191,2.747602659727152,8.89261698802013,204.4866667786293,333.7349863708819,5.255953254819231,20100321.7177426,8.00548565794311,JFc,6003,1,268,,,,,
"  236P/LINEAR",.5086500245891166,1.83178743252546,16.33407016442907,245.661491672993,119.3353728985713,5.624353909472807,20100908.7236447,7.19837399575611,JFc,5224,0,844,,,,,
"  237P/LINEAR",.4388317139571095,1.972636240239128,15.18909353923662,249.3891910746008,20.81977145676735,5.057826062430477,20161004.8463495,6.59081368228585,JFc,5669,0,516,,,,,
"  238P/Read",.2531969535960581,2.361380013250204,1.266163692965964,51.62749710582454,325.6241461267416,3.962589940061813,20110312.3541930,5.62273875271837,ETc,4407,1,214,,2.423474469114649E-9,-5.449707315275096E-11,,
"  239P/LINEAR",.6314849844154252,1.64734727131018,11.30597188987476,255.9496812257828,220.381225478652,7.293114862624827,20190109.9251530,9.45155271614108,JFc,7096,0,342,,,,,
"  240P/NEAT",.4498337392730598,2.128166307372006,23.52512861957269,74.95146124275483,352.1493966979468,5.608281596794413,20101004.7778278,7.60808956992914,JFc,6437,0,2585,,1.135814156509649E-8,7.111704850091039E-10,,
"  241P/LINEAR",.6188715697106489,1.861588651907305,20.74244932053037,306.2377241941247,111.473113930239,7.907237307856415,20100716.3631235,10.7951024237329,JFc,4196,0,466,,,,,
"  242P/Spahr",.3141567990220881,3.871842541518643,32.14612407655203,181.1266540076026,250.5862504677883,7.418908860545161,20120411.4824118,13.4136656440719,JFc,5994,0,581,,,,,
"  243P/NEAT",.3597096002421862,2.456062111014702,7.634736282179496,87.72780956250945,283.9477690753499,5.215650949008356,20110303.5073519,7.51279839963089,JFc,6019,0,742,,,,,
"  244P/Scotti",.2042131382581726,3.936847298628236,2.267626444055058,354.3328820338426,90.31567868723677,5.95737812251335,20120105.2649056,11.0036282554771,JFc,4900,0,1257,,,,,
"  245P/WISE",.4661520600917717,2.139438887546105,21.08781758387327,318.5272189556126,316.3993653490248,5.875723212410251,20100204.5358615,8.02290544504212,JFc,5882,1,100,,,,,
"  246P/NEAT",.2850757715945821,2.877906206312181,15.97109727623558,78.79559616638511,176.3302159146024,5.173034276516674,20130129.2926803,8.07668477107423,JFc,6339,0,3928,,,4.320262547812173E-9,,
"  247P/LINEAR",.6256012252053437,1.484395956609986,13.68221484770744,54.12277979923005,47.338179970,6.445095572437467,20110104.1602846,7.89461977309722,JFc,5998,0,1333,,,,,
"  248P/Gibbs",.6411612168497145,2.146740200550406,6.367796542417012,207.7882343574147,209.9127515514211,9.818188348721417,20110208.7098002,14.6328315459673,JFc,5301,0,160,,,,,
"  249P/LINEAR",.8166032096801725,.5086857636749408,8.426169014612434,240.4594908951235,64.16691294836005,5.038693367528377,20110415.9890611,4.61950010559328,JFc,5008,0,777,,-2.169123575666826E-10,-4.922530297617648E-13,,
"  250P/Larson",.4073539093287017,2.212560651388276,13.29555335557225,73.74353604201914,44.92483792975233,5.254157466610541,20101114.8589365,7.21369611338557,JFc,8563,0,470,,,,,
"  251P/LINEAR",.5097838091900158,1.711534691061872,23.5097808150622,219.5544197659631,30.87913279279607,5.27124035043116,20040618.8249384,6.52386980234658,JFc,4905,1,401,,5.157078889980294E-9,2.239543052419328E-10,,
"  252P/LINEAR",.6730967236122571,.9960576061097104,10.4223132074456,190.9499032197533,343.3110219103455,5.09784036344308,20160315.2652482,5.31870590087725,JFc,117,4,84,,1.975474077565375E-9,-6.20441926783569E-10,-9.12581385275484E-11,-.01752864901585467
"  253P/PANSTARRS",.4125868312662733,2.039439828810579,4.939280412408251,146.9381888879228,231.0057477839702,4.904360335584623,20111124.1385383,6.46932589489102,JFc,7413,2,362,,-3.216534936833128E-9,-4.073317638469621E-11,,
"  254P/McNaught",.3119069854691572,3.213581518959383,32.5641515653615,130.0946217215172,221.0233767504911,6.126962422328772,20101028.0946954,10.0930275929735,JFc,11436,0,110,,,,,
"  255P/Levy",.6681889016894792,1.008177639939959,18.26659348408196,279.7300366550929,179.6923293670564,5.068639230100174,20170502.7154773,5.29635920592084,JFc,1941,4,501,,7.326569880277619E-9,-4.148266127614343E-9,,
"  256P/LINEAR",.417937535578262,2.689772102245466,27.64178305459467,81.44894038170409,124.2007783347942,6.552439057746359,20130318.0153767,9.93406595171366,JFc,3804,0,176,,,,,
"  257P/Catalina",.4330919563575526,2.12886966072846,20.24618643052544,207.8736221734192,117.8014433551364,5.381588815218485,20130604.3762370,7.27717607035192,JFc,5566,0,1388,,-2.233123870562917E-10,-3.076816364214982E-10,,
"  258P/PANSTARRS",.2101546350167858,3.478069784525806,6.745154074493029,126.3067567773749,25.79541026990415,5.328894056047524,20110318.9865709,9.24065015850273,JFc,6537,1,50,,,,,
"  259P/Garradd",.3415297612571303,1.795938681675793,15.89853595203317,51.96969233798974,256.5908921731303,3.658943182399162,20130125.2460749,4.50444442546149,ETc,3306,0,68,,,,,
"  260P/McNaught",.594171932669438,1.49203841062889,15.76546651707112,351.8654579928459,15.59134411518046,5.861018367543968,20120912.4987325,7.04960994258678,JFc,5394,0,6577,,2.076889348793177E-10,-1.596459322992236E-11,9.981913289438442E-11,
"  261P/Larson",.3904680292697189,2.18706716481914,6.328157514340975,298.4488543790467,58.9318935299756,4.989150883920163,20120929.4431999,6.79683376370893,JFc,5337,1,926,,4.382733919904309E-9,8.904419576286346E-10,,
"  262P/McNaught-Russell",.8154028826429843,1.280276582973298,29.07941912183574,218.014288416019,171.1690205549158,12.59075890559513,20121204.4590957,18.2652883645772,JFC,6706,0,1337,,,,,
"  263P/Gibbs",.5870326714794809,1.251369511625692,14.47188569954579,113.3471388219306,26.3278039668544,4.809010693795402,20061228.7793236,5.27488523639787,JFc,4254,1,155,,,,,
"  264P/Larsen",.3737353379743349,2.438280556248335,25.14827693764454,220.9675453959906,346.6191335549511,5.348461069446047,20040313.2640812,7.68239893197624,JFc,5541,1,112,,,,,
"  265P/LINEAR",.6460250873419684,1.505449672592639,14.69119860325759,344.7112831800904,32.72047022939254,7.000518511921189,20030905.8088085,8.77099452075928,JFc,3252,0,543,,,,,
"  266P/Christensen",.3397519045893235,2.331745345329198,3.427138610233652,5.003312875776307,98.01976052295954,4.731494553541982,20200419.7945213,6.63695914638245,ETc,2801,1,485,,1.772373973052434E-8,2.532121407378965E-9,9.552846039614861E-9,
"  267P/LONEOS",.5933898575700564,1.337651088440562,5.368340517589779,245.2488887700793,96.85509354054687,5.241875336781508,20060902.9338670,5.96698796680791,JFc,4463,0,197,,,-3.447969895618046E-11,,
"  268P/Bernardi",.4802189069971182,2.350866142138987,15.67402117579324,129.1527364763804,358.3053971345503,6.694734683999386,20050814.1365778,9.61876549984714,JFc,4182,0,74,,,,,
"  269P/Jedicke",.4346532990109613,4.077395672864494,6.611672247664274,248.9941885755549,223.9172232718545,10.34701209578913,20141126.0636006,19.3691336308329,JFc,8561,0,900,,,,,
"  270P/Gehrels",.4676709227926323,3.594357172105763,2.859390575049124,225.6726172565459,211.4735307269304,9.909910492407286,20130718.2237873,17.5456622434793,JFc,6264,0,382,,,,,
"  271P/van Houten-Lemmon",.3899422919539769,4.251725295648078,6.856468948092699,9.590606254555283,35.0383394977079,9.687038987049341,20130705.4617968,18.3992287785763,JFc,19841,0,96,,,,,
"  272P/NEAT",.4524759832592989,2.437835785905812,18.27698987243619,111.8580020084505,25.96317864451423,6.467109792254399,20130309.6530021,9.39528834372735,JFc,3437,1,171,,,,,
"  273P/Pons-Gambart",.9750961432178844,.8104310477145535,136.3989718929838,320.4310687697371,20.18419247403626,64.27435118541769,20121219.5569888,185.644630706466,HTC,68223,3,1124,,7.596429320513373E-11,8.863721561256852E-10,,
"  274P/Tombaugh-Tenagra",.4404609056444271,2.441831368672811,15.83786540766405,81.36248347718983,38.45590977651718,6.286178499824739,20130223.3324526,9.11666615770048,JFc,30426,0,640,,,,,
"  275P/Hermann",.713938170242489,1.64903748488719,21.57064430021053,349.2703343473098,173.1370374384234,9.880200696138544,19990219.9264541,13.8408934614681,JFc,5145,0,155,,,,,
"  276P/Vorobjov",.2762872524988886,3.92131350095181,14.38405796936241,213.9199078111164,205.8296045702672,6.915343762559465,20130114.0507207,12.6126462653152,JFc,7143,0,188,,,,,
"  277P/LINEAR",.5035654907920333,1.919024673962698,16.72531429465702,276.3781770767196,152.2987605882882,5.812205280314227,20051103.9427653,7.600393802559,JFc,3012,1,186,,1.402217399638733E-8,6.307080770468911E-9,,
"  278P/McNaught",.433277638088833,2.0972199870394,6.682583130020219,15.49241760502573,237.9588117770085,5.304005473579133,20130802.4138227,7.11899454241182,JFc,5167,0,452,,,,,
"  279P/La Sagra",.3986119455662709,2.14879885509764,5.054754876954593,346.2648761306148,5.968134377856716,4.997331964281415,20091010.4384904,6.75413368151736,JFc,5252,0,219,,,,,
"  280P/Larsen",.4180949726414225,2.625432149506652,11.77968038734452,131.4963398852575,104.8350120016027,6.398143953364259,20040510.9173818,9.58365644900335,JFc,3715,1,171,,,,,
"  281P/MOSS",.1735992815756038,4.018061706335871,4.721092122703737,87.18681736250591,26.01457121473731,5.706183727517695,20120509.6485101,10.7212908101391,JFc,4550,3,98,,,,,
"  283P/Spacewatch",.4856289687883189,2.127432639934013,14.46397486293796,161.2660714405355,21.93427367660663,6.144544243843884,20130406.9375175,8.41157219844053,JFc,6382,0,110,,,,,
"  284P/McNaught",.378282265685388,2.282764167867117,11.87390871232397,144.3645670617869,202.7676674604866,5.060646006474006,20070818.2196796,7.03574173363243,JFc,4819,0,1831,,7.774230491208296E-9,-2.891174738738197E-10,-5.51791598126629E-9,
"  285P/LINEAR",.6209279165176597,1.710245605115939,24.49718721600884,186.442100153618,177.2960744652221,7.313080984406517,20031204.6460351,9.58325895132836,JFc,3678,0,153,,,,,
"  286P/Christensen",.4251626016738834,2.366642572797061,17.04432164554172,284.0601399829757,24.76482820685491,5.867486172787506,20050824.7991748,8.35390800715521,JFc,3434,1,131,,,,,
"  287P/Christensen",.2690855682830409,3.05199875362931,16.30241060819607,139.0469656594007,188.9032147685223,5.299180594300633,20141227.5917688,8.53266950845587,JFc,3767,4,222,,8.279241444688861E-7,3.841852224195566E-7,-6.872296817210905E-7,
"  289P/Blanpain",.6851211084947294,.9589096682577553,5.897394919082268,68.92462865910687,9.847265516657052,5.131747369269986,20191220.9931666,5.31446347534879,JFc,2446,1,301,,,,,
"  290P/Jager",.6470409619270787,2.154536056977329,19.06799819263833,303.4828047493677,180.9146921027494,10.05388375706467,20140314.7762235,15.0817727064948,JFc,6026,0,3753,,-2.080246777621168E-8,7.157850020170671E-9,-8.500733515134484E-9,
"  291P/NEAT",.4286430750700019,2.604870210503615,5.947114846128064,241.0127663326594,175.9569171618763,6.513318777309074,20040325.2958180,9.73477891530909,JFc,3859,0,668,,,,,
"  292P/Li",.5867674780744813,2.535115975778483,24.31598142972776,91.8605705854909,318.8487795493883,9.734566787648419,20140206.4351767,15.1954375433898,JFc,7152,0,494,,,,,
"  293P/Spacewatch",.419342964183725,2.109632181559224,9.068342873963521,78.44808796642582,41.4169019665751,5.15673006476592,20070208.6919858,6.92530293943029,JFc,2755,0,253,,,,,
"  294P/LINEAR",.5969549873496568,1.288841650122858,18.89949829551542,315.1529440885394,233.4720257069427,5.106680485966576,20080615.5776679,5.71843538820118,JFc,4551,0,223,,,,,
"  295P/LINEAR",.6147890632322975,2.05900331196321,21.09729063721196,7.698509202110803,73.37066258261537,8.631260724879914,20020110.4040547,12.3579335779686,JFc,4791,0,78,,,,,
"  296P/Garradd",.4773457984843121,1.830707197559113,25.20426630367914,263.6769565001509,350.0301269557719,5.174717009306898,20140301.2856380,6.55563653369696,JFc,6947,0,322,,,,,
"  297P/Beshore",.308598394316476,2.408876354151775,10.2634881810502,98.28544286255293,131.8217205750275,4.559219566800982,20080321.0320735,6.5033089957656,ETc,4838,1,568,,,,,
"  298P/Christensen",.4124511263181093,2.0507503642475,8.021635864250111,57.11772550162517,95.62381828068408,4.929946752560564,20070305.2887408,6.5209579725645,JFc,2608,2,145,,,,,
"  299P/Catalina-PANSTARRS",.2819890068159288,3.139666309419279,10.47989125800893,271.6818073897378,323.4971521792234,5.605788395936147,20150223.2341005,9.14401228783572,JFc,4190,0,290,,,,,
"  300P/Catalina",.6937778954201935,.8248188363915736,5.696679597654375,95.8592471416739,222.6664342248506,4.562243848213628,20050728.1427345,4.42070212562865,JFc,4988,0,741,,,-8.042317900180699E-11,,
"  301P/LINEAR-NEAT",.5874165458554789,2.346307259288947,10.61823651060052,355.7835584400734,189.399728846603,9.027426882105267,20010130.6781610,13.5618150544414,JFc,4904,0,126,,,,,
"  302P/Lemmon-PANSTARRS",.2283638923642468,3.302209693414455,6.031157861717272,121.7841474335471,208.3031557435771,5.25677208760206,20160430.6656878,8.85312021866819,JFc,4576,0,143,,,,,
"  303P/NEAT",.5104416819863621,2.484572433560787,7.06762822446798,348.2152878542255,356.5401281321852,7.665688902583327,20141006.2978537,11.4334960183122,JFc,4113,1,246,,,,,
"  304P/Ory",.5737967342009904,1.382266131684737,2.755133426416422,60.70208171858346,329.6006007717382,5.10415123113571,20081019.0424720,5.84077589462347,JFc,6482,0,1259,,1.998968315895231E-10,3.051442868270639E-10,,
"  305P/Skiff",.6961317748629123,1.403996422371097,11.5203604187501,242.0209241571325,144.8966784182669,7.836827765401057,20141119.1451282,9.93182983802918,JFc,3805,0,552,,,,,
"  306P/LINEAR",.5982594906974988,1.246918534416035,8.364457776766727,341.4986017466438,.7688016312200395,4.960663253046352,20030813.9688969,5.46823139731549,JFc,4156,0,343,,,,,
"  307P/LINEAR",.6747303138131737,1.88871920616312,4.424851250009062,158.1192290283942,222.1152805099831,9.724531498535439,20141220.1049122,13.9924547518654,JFc,5293,0,220,,,,,
"  308P/Lagerkvist-Carsenty",.36228370623654,4.256202756143664,4.840383523123997,63.14297716628577,333.7019156865814,9.092061347399419,20150515.0579960,17.2425063674558,JFc,6758,1,348,,,,,
"  309P/LINEAR",.6066828196651917,1.750700461123625,17.66241293388101,11.44131526844306,50.77270254772419,7.15153187784186,20050927.9973828,9.39099470894317,JFc,3814,0,380,,,,,
"  310P/Hill",.424663107414368,2.397116054922347,13.17925448445525,9.047678233059186,31.21278505095711,5.935796663917652,20061018.1846402,8.50468941585109,JFc,3447,1,275,,,,,
"  311P/PANSTARRS",.1152981001495914,1.936201006935009,4.968452959081993,279.2893901550094,144.2581755187406,2.440868845096269,20140415.8733588,3.2377135654646,ETc,4797,0,191,,,,,
"  312P/NEAT",.4343846638546015,1.949368179976164,19.86282855491694,145.0019845763834,207.1450370315252,4.94354315181649,20071123.8742705,6.398339003822,JFc,4898,1,37,,,,,
"  313P/Gibbs",.2421814784382015,2.391507457556955,10.96646983966733,106.498055951232,253.4985687299255,3.920049701611614,20140828.4531279,5.60619227009641,ETc,5841,0,113,,,,,
"  314P/Montani",.4159501074107915,4.249163262737029,3.976590192452047,267.7033197725156,213.407993515993,10.3015226175382,20161007.8681312,19.6240393791306,JFc,7589,0,384,,,,,
"  315P/LONEOS",.5162767506201973,2.429835836528202,17.90658999121265,69.6004814479782,66.94310547389308,7.616552628957272,20161207.4541662,11.2584384897097,JFc,4971,0,2348,,,,,
"  316P/LONEOS-Christensen",.1664163274096624,3.607664166926753,9.882883517632209,246.9322373421731,191.7491803900391,5.048129571729474,20061107.6678411,9.00375268319524,JFc,3354,3,111,,7.340698551021076E-5,,,
"  317P/WISE",.5802367326654875,1.241120636429504,11.96256536997146,275.692892301432,334.7414103436804,4.67231073316409,20150808.4854072,5.08419910670965,JFc,5301,1,93,,,,,
"  318P/McNaught-Hartley",.675312917422262,2.446207026551548,17.89304904631949,35.75501156814667,313.1475866474407,12.62188257609451,20151020.7479694,20.6799983554416,JFc,8165,0,441,,,,,
"  319P/Catalina-McNaught",.6649928582060213,1.19698516661724,15.07420589928586,111.3665624087181,203.6802528999902,5.949042587939448,20150701.9243635,6.75398756515821,JFc,2803,0,369,,,,,
"  320P/McNaught",.6824401124131176,.9853604843888162,4.893571727959618,295.9559252386137,.665388450046148,5.220464135820674,20100221.0786885,5.46590974031568,JFc,4055,0,121,,,,,
"  321P/SOHO",.9806622092195985,.04692566940159335,19.7363116677891,165.2691489466613,172.4062039751661,4.806334967708159,20041207.8228246,3.7801900215754,JFc,5539,3,91,,,-1.796364315156547E-12,,
"  322P/SOHO",.9786764762641811,.0536555610873724,12.58923564712983,359.5244877541514,49.04947677107452,4.978867370124287,20150904.0640544,3.99155256115544,JFc,5817,2,318,,,,,
"  323P/SOHO",.9817284048892367,.047698669757255,6.485264440642934,322.1822742254121,355.0741626256408,5.173374746997379,20080531.3269342,4.21796439067849,JFc,6191,2,99,,,,,
"  324P/La Sagra",.153784445570409,2.619823310911345,21.41695747394586,270.6516569004608,58.56915804482286,3.572034773468327,20151129.9570553,5.44746814848672,ETc,1800,1,421,,,,,
"  325P/Yang-Gao",.6209634219524268,1.296126549697285,16.1583173039156,259.3039147502904,346.9555788531768,5.54293133951048,20090521.7557735,6.32350153793974,JFc,23477,2,1127,,1.592625803294245E-9,-2.720853345659181E-10,,
"  326P/Hill",.3182112079161584,2.776739563684644,2.470573216101709,99.82132354216186,278.8376448014993,5.3687142657857,20151021.8363208,8.21932471713931,JFc,9622,1,184,,,,,
"  327P/Van Ness",.5640019161581543,1.551232340335237,36.28205441755987,173.9991450792475,185.022139809866,5.564543612927587,20090321.7174948,6.71114476431348,JFc,4946,0,125,,,,,
"  328P/LONEOS-Tucker",.5519165282894116,1.879896987621868,17.71141991753039,341.8127205359627,30.32950194075691,6.510936891812411,20070511.2420367,8.59351606873546,JFc,6339,0,393,,,,,
"  329P/LINEAR-Catalina",.68010416471326,1.659939736867831,21.4669549683133,88.79188215296753,342.3171430595053,8.718061810916852,20151205.2894632,11.8204444252449,JFc,4517,0,685,,,,,
"  330P/Catalina",.5490031457727758,2.971812136085736,15.54256450528221,294.32749696,186.7525253652256,10.20704757537672,20160902.5543589,16.9153099949641,JFc,6358,0,300,,,,,
"  331P/Gibbs",.04197392098033558,2.878147963473541,9.739540315527311,216.8604250428622,177.5478867677533,3.130348102559886,20100328.6991038,5.20729138844827,ETc,5421,1,155,,,,,
"  332P/Ikeya-Murakami",.4885908891896427,1.578843245741469,9.377956220678412,3.818488699831708,152.42957640,4.59563903221287,20101013.3377864,5.4245539325348,ETc,80,6,385,,,,,
"  332P/Ikeya-Murakami-A",.4903869278983758,1.572888064117772,9.386938096788718,3.782749640877065,152.441321098235,4.59998367024039,20160317.2754401,5.42243167098868,ETc,124,4,508,,,,,
"  332P/Ikeya-Murakami-B",.4898263152436984,1.572791317562297,9.381510286827444,3.797296490584412,152.3752487793967,4.592917987156482,20160317.1615377,5.41299687656918,ETc,68,5,132,,,,,
"  332P/Ikeya-Murakami-C",.4903314632865027,1.572848328127847,9.385599153862721,3.784403005574021,152.4263158364564,4.599195715516937,20160317.2217638,5.42134110583174,ETc,122,5,479,,,,,
"  332P/Ikeya-Murakami-D",.4903880165004817,1.571390084018209,9.379295703445599,3.757283174204405,152.5657882295672,4.595615931921344,20160317.4104090,5.41470457858886,ETc,15,7,71,,,,,
"  332P/Ikeya-Murakami-E",.4905753896306208,1.572956746507483,9.3884709793591,3.775407067654934,152.482128313618,4.602468289856372,20160317.3058717,5.4257963619759,ETc,47,8,8,,,,,
"  332P/Ikeya-Murakami-F",.4985779710182137,1.583317513893196,9.518614760291682,3.504770560585936,152.7835340818612,4.731991436965477,20160317.8134228,5.61119176319541,JFc,11,8,20,,,,,
"  332P/Ikeya-Murakami-G",.4937203535664774,1.550700842724582,9.273303254725556,3.634335136908687,154.5019542646561,4.575165972773394,20160319.6457443,5.36061397738846,ETc,14,8,15,,,,,
"  332P/Ikeya-Murakami-H",.4903896096678771,1.572780969375128,9.385728963520291,3.784840266668476,152.4327991267077,4.599702948584693,20160317.4113830,5.421920675058,ETc,53,6,109,,,,,
"  332P/Ikeya-Murakami-I",.4899086887411633,1.573030040833683,9.381423880088681,3.794687171867803,152.3767385359947,4.594610952507907,20160317.4108812,5.41554087667382,ETc,29,7,19,,,,,
"  333P/LINEAR",.7359068834912238,1.115432364751942,131.8794500372503,115.5625765155157,26.1430406649711,7.331833353473428,20160403.9385737,8.68035410731583,JFC,3553,0,664,,,,,
"  334P/NEAT",.3544929668757996,4.187833631720452,19.05700904580236,92.78485401968031,81.10729287149439,8.787497129438528,20170519.5599827,16.5249770502112,JFc,6316,0,400,,,,,
"  335P/Gibbs",.5434881258870633,1.638223204365888,7.27540758303679,330.8930056331217,162.3119676610465,5.538909734614828,20090122.3497684,6.79813358940328,JFc,2704,0,419,,,,,
"  336P/McNaught",.4528616044106186,2.633289467871342,18.56210616145526,299.2399475902181,313.9646716553518,6.992390210611993,20060818.3585776,10.5586967412798,JFc,7621,1,164,,,,,
"  337P/WISE",.4977069739795851,1.653094228180313,15.39724762818832,106.2119082508299,160.6923905611125,4.929096415705415,20160712.6550444,5.97061261291835,JFc,2278,1,202,,,,,
"  338P/McNaught",.4112505325376065,2.296141756966801,25.37381359815296,9.853340848993527,4.65483849210521,5.503922222245096,20161121.6466523,7.70212311256037,JFc,3187,0,506,,3.714818414277691E-8,-1.979901795400984E-8,,
"  339P/Gibbs",.6397913441480939,1.324093764792536,5.748211981731838,172.7770425728822,27.15413297226823,6.027721597117675,20090625.9815161,7.04782473992152,JFc,2712,1,141,,,,,
"  340P/Boattini",.279501204981309,3.062908552982286,2.077422134958702,291.7635108763762,35.76741687756649,5.439280691908342,20161118.4899535,8.76515014600869,JFc,3836,4,311,,-2.108237798868988E-9,-7.12131188860946E-10,-7.125725277254861E-9,-418.5270143176429
"  341P/Gibbs",.4153394942905616,2.508285488474314,3.800074929629832,30.04810275672931,312.4349927591767,6.072028946928543,20070706.6426312,8.88623949446083,JFc,3376,2,221,,,,,
"  342P/SOHO",.9826020621617956,.05294199024248015,13.2747864590719,43.40094149131597,58.70418485035059,6.033065527984645,20160701.6359336,5.30837916030891,JFC,5816,4,283,,,-1.127632425935985E-10,,
"  343P/NEAT-LONEOS",.5841949649051987,2.27651211855069,5.583918869781942,257.267150901706,137.5788833882054,8.673389524807995,20170127.1409948,12.8108674006402,JFc,4882,0,299,,,,,
"  344P/Read",.4219537770967076,2.825089809305536,3.483122638216672,273.2921318668698,140.3702815961582,6.949525774604875,20060110.6605618,10.8047006362463,JFc,23841,0,532,,,,,
"  345P/LINEAR",.2195786496813614,3.15458010825514,2.724635866454826,154.5405959245129,196.8167630911489,4.929719756086489,20160716.9931695,8.12693581661633,ETc,3038,3,129,,,,,
"  346P/Catalina",.5038752233843683,2.223660257557889,22.16728699498142,102.5659528741675,335.7515412154029,6.740456683856832,20070820.4779305,9.48908810452607,JFc,3838,0,535,,,,,
"  347P/PANSTARRS",.3842967195455711,2.223549233515621,11.74547641211636,261.054286917221,98.48630466439626,4.999245590232914,20160911.5132442,6.86311262756364,JFc,5675,1,146,,,,,
"  348P/PANSTARRS",.3012252052249531,2.212220018754086,17.58530590436938,313.7521989641652,133.710778303881,4.119490956786339,20160621.9993237,5.63306590393443,ETc,2744,2,46,,,,,
"  349P/Lemmon",.3005115188886394,2.495856147086411,5.498786149910948,331.8155633841571,256.260579887085,4.640376155469728,20170827.8650132,6.74010523366447,ETc,3069,2,123,,,,,
"  350P/McNaught",.08689565777912389,3.748175819355967,7.356497981350105,65.66957028748945,150.0403380445073,4.461566804886857,20091104.0932910,8.31682421006479,ETc,4614,1,152,,,-1.988449107693134E-9,,
"  351P/Wiegert-PANSTARRS",.295132764019968,3.121437717413026,12.78931546729443,283.5017690707385,352.3652447712958,5.735372638009572,20151116.7594047,9.31921276376155,JFc,6526,3,56,,,,,
"  352P/Skiff",.6176894305238839,2.522529437149599,21.06501178636273,28.14328581117359,309.3533842754468,10.67370231028153,20170621.0169574,16.9487670082786,JFc,6372,0,634,,,6.385167051539119E-8,,
"  353P/McNaught",.4694333899857203,2.209270135211849,28.42355672957292,121.6049126607685,230.5052191579769,6.118695075989017,20090623.1375020,8.4971162950741,JFc,3506,1,115,,,,,
"  354P/LINEAR",.1249710695668899,2.003559656290488,5.255932309081645,320.2352108028575,132.742467311955,2.575853861611812,20130522.0028469,3.46479864960111,ETc,2579,4,250,,-6.918661512251866E-9,-2.867536440838652E-9,1.734878235578023E-9,
"  355P/LINEAR-NEAT",.5081262290052029,1.707729824720876,11.04416127582883,51.44170344477698,336.4021661918315,5.236042847959164,20110424.6050687,6.46928747514581,JFc,4984,2,960,,7.777810107208764E-9,-9.402096376840678E-10,,
"  356P/WISE",.3539845441246334,2.689420650205708,9.630250736301107,160.8098525208839,226.2043286533359,5.636759863730999,20171217.2427891,8.49438502146791,JFc,3014,2,184,,,,,
"  357P/Hill",.4354855957927546,2.511840606691195,6.325982913733976,44.67507317733931,1.288388873908715,6.387279018851767,20081224.0481689,9.3860697217966,JFc,3750,1,293,,,,,
"  358P/PANSTARRS",.2361237394619087,2.410377800078698,11.05782924966428,85.77652705493453,300.5769009385666,3.900533860877422,20120910.9262082,5.6053322538269,ETc,6680,1,185,,,,-1.486358244997674E-8,
"  359P/LONEOS",.3224814952013362,3.137806447680389,10.26281110363811,149.8063538997755,200.2510540272651,6.124837820944692,20170821.1960055,9.96702819345393,JFc,3826,2,133,,,,,
"  360P/WISE",.4972521297759103,1.861837773684178,24.08124208163621,2.236994845723156,354.1969047797772,5.544808316549089,20170819.1286255,7.12681686136607,JFc,2687,1,134,,,,,
"  361P/Spacewatch",.4378875714688859,2.780028502027496,13.88283311952524,203.277939281313,219.2428618454913,7.111332588465154,20180702.6161462,10.998850355167,JFc,4910,0,380,,,,,
"  363P/Lemmon",.5576536808982621,1.506151504133465,3.97332511081194,169.9482827930966,315.2169759658266,5.303677985086522,20111209.0629734,6.28300731643521,JFc,2384,1,110,,,,,
"  364P/PANSTARRS",.7225518933485438,.7982172780038166,12.15526964028399,46.22760308240814,211.9245321253267,4.955776055290584,20180624.4130614,4.87997099076165,JFc,2102,0,748,,,,,
"  365P/PANSTARRS",.573343667969649,1.359121185106188,9.83642976945853,87.44249715145341,66.39745616866252,5.011913688036181,20180210.7566106,5.6856246091234,JFc,2382,1,403,,,,,
"  366P/Spacewatch",.3473441669301122,2.28499579761737,8.853805178127358,70.79714491950133,153.5760441370972,4.717150454165805,20120105.4350079,6.55103583411951,ETc,4764,2,76,,,,,
"  367P/Catalina",.2798821138701954,2.528309760499948,8.459530773423856,58.74148345747774,173.479232864886,4.493623201304611,20111129.8404556,6.57882338053791,ETc,2626,2,129,,,,,
"  368P/NEAT",.6285466877691007,2.044313183387616,15.4479471516521,258.1659958858325,118.808397116568,8.962793853078111,20180909.0349869,12.9113898143781,JFc,4966,0,784,,,,,
"  369P/Hill",.5546408041493838,1.95285180463515,10.31843725985807,47.36949962879564,13.33273109236419,6.816931430244686,20181014.7515175,9.18219469598718,JFc,3372,0,404,,,,,
"  370P/NEAT",.6126761757215264,2.502806887566612,19.3650390822162,55.2703132532838,356.8672687214484,10.42078175162421,20020125.8285712,16.4262299263335,JFc,6358,0,204,,,,,
"  371P/LINEAR-Skiff",.4779867315780701,2.173641708615305,17.41328266915038,67.41067853630557,308.6435217095749,6.154275760556787,20100326.8956589,8.49704322758782,JFc,6340,1,175,,,,,
"  372P/McNaught",.1535045617883468,3.803758788717603,9.518531662903435,325.8600836016958,27.4551407165061,5.183315723470215,20090421.5409406,9.52556450806065,JFc,4131,1,438,,,,,
"  373P/Rinner",.3936912280014311,2.305356043206237,13.77076007049601,232.0189701285714,221.2156835743591,5.299205030871967,20111106.6248619,7.41437310966853,JFc,2681,1,896,,,,,
"  374P/Larson",.4625051328085132,2.670592328612233,10.79084233675938,8.161295058542768,51.42024881914991,7.266590300001832,20071209.7503061,11.0753667406266,JFc,4168,1,286,,,,,
"  375P/Hill",.6600628619783244,1.892409898510833,17.36960297863376,359.9745411434779,119.4331735354286,9.241471556890291,20181220.7270254,13.1350913722112,JFc,4868,0,305,,,,,
"  376P/LONEOS",.5153518273375434,2.838773606065474,1.188776208922409,315.1337295091395,285.533427085466,8.876007409079701,20050816.5996812,14.1763514323695,JFc,5582,0,372,,,,,
"  377P/Scotti",.25113543454902,5.037286798912261,9.017770407610564,226.0320027762585,354.6457624285763,8.415844865499485,20200714.2562254,17.4460975972284,JFc,6643,1,171,,,,,
"  378P/McNaught",.466595263353206,3.365964111448503,19.16795249324927,94.60591189439384,194.8972155162692,9.254711635108851,20041228.8000819,15.8521116347748,JFc,6155,0,198,,,,,
"  379P/Spacewatch",.3364849745579609,2.341818934472822,12.37948217658112,184.0618520431379,31.06890700832948,4.717008204860409,20121213.5119803,6.63074045699748,JFc,4875,1,98,,,,,
"  380P/PANSTARRS",.3264277991474824,3.049713772225876,8.234045795376302,133.114277594332,90.06069151748201,6.005629569930929,20190606.9580823,9.63430944329996,JFc,3779,2,247,,,9.693191909555164E-7,,
"  381P/LINEAR-Spacewatch",.679446009386709,2.282509832613058,28.46501817793593,174.1107500515312,172.5640067929247,11.95852225216061,20190929.9865968,19.0009539804059,JFc,6992,0,163,,,,,
"  382P/Larson",.2778696858957271,4.352008206809217,7.876259957123408,181.6628521623731,175.0898791076227,7.701240692476856,20070823.3321714,14.7951507974606,JFc,4290,3,265,,,,,
"  383P/Christensen",.6114021194352021,1.359039694864008,11.86782224005089,213.6402323008968,128.0592822744795,5.635541402123684,20060830.2264453,6.54042204303648,JFc,4832,0,345,,,,,
"  384P/Kowalski",.6151634385087227,1.119788471882363,7.296490641551126,354.6371395779503,37.04018774922352,4.699764990205953,20191011.1505603,4.96361058618237,JFc,1920,0,545,,,,,
"  385P/Hill",.4023016629488966,2.554966333393725,16.85633311716567,357.1569216726919,44.32159855621951,5.994384317301743,20101109.4281616,8.83818125180581,JFc,3391,1,349,,,,,
"  386P/PANSTARRS",.417941922470648,2.357876996018697,15.24417349372446,134.9801390291948,353.3077063200666,5.74398461211196,20120621.1261087,8.15343173759417,JFc,5823,1,97,,,,,
"  387P/Boattini",.7359490649325627,1.26721930997359,8.893317590809984,259.3646423069534,162.761707367318,8.331075122499815,20190905.1434769,10.5136692587479,JFc,4055,0,331,,,,,
"  388P/Gibbs",.6189910420930611,1.996166182003847,23.88626207065368,37.17177143758405,42.45114458373023,8.48215009155426,20190721.9957406,11.9922441880018,JFc,4573,0,121,,,,,
"  389P/Siding Spring",.7037838502554089,1.665471642172222,160.0786178595657,218.8609203368214,249.5678147707536,9.579503647718321,20060906.7179127,13.3321738116367,JFC,4823,0,84,,,,,
"  390P/Gibbs",.7080717819256523,1.692926173304681,18.57198118156715,152.9710787909285,231.5959540504793,9.905309752442861,20060403.2732826,13.9653272449028,JFc,4814,1,204,,,,,
"  391P/Kowalski",.1207003718262755,4.119400755214555,21.27035725869958,124.7583880560744,186.8763998217004,5.250330843035772,20080219.9195590,10.1403730977315,JFc,5341,1,249,,,,,
"  392P/LINEAR",.6827075131186636,1.95323753693739,4.938899921316736,25.12030145439252,71.97821091656321,10.35866783552028,20050110.6268170,15.2739411214033,JFc,11104,0,383,,,,,
"  393P/Spacewatch-Hill",.1201995927334332,4.199853296307479,16.80708918163193,36.41142582956781,328.4785395874034,5.347433251003665,20090525.9200519,10.4299720578526,JFc,3696,1,105,,,,,
"  394P/PANSTARRS",.3692796661230102,2.736475319696598,8.527301675059219,98.15263865640382,54.47507222570226,5.940826402528506,20191129.8967954,9.03733241340756,JFc,6578,1,98,,,,,
"  395P/Catalina-NEAT",.3751713678276669,4.02896666928497,3.275503277055779,224.3005761259006,90.364050218871,8.867262670518224,20050810.7778467,16.3740959308864,JFc,5542,1,198,,,,,
"  396P/Leonard",.4181318189135366,3.983351592952491,5.433585120429087,136.6741472164988,8.634945348017242,9.708242903638755,20190828.8168976,17.9120070303355,JFc,6622,2,125,,,,,